timestamp_utc,f107,f107a,ap_daily,ap_current_3h,ap_3h_prior,ap_6h_prior,ap_9h_prior,ap_12_to_33h_average,ap_36_to_57h_average
2026-04-10T23:53:30.866000Z,96.7,124.1,17.0,5.0,22.0,27.0,32.0,9.625,5.5
2026-04-10T23:53:31.866000Z,96.7,124.1,17.0,5.0,22.0,27.0,32.0,9.625,5.5
2026-04-10T23:53:32.866000Z,96.7,124.1,17.0,5.0,22.0,27.0,32.0,9.625,5.5
2026-04-10T23:53:33.866000Z,96.7,124.1,17.0,5.0,22.0,27.0,32.0,9.625,5.5
2026-04-10T23:53:34.866000Z,96.7,124.1,17.0,5.0,22.0,27.0,32.0,9.625,5.5
2026-04-10T23:53:35.866000Z,96.7,124.1,17.0,5.0,22.0,27.0,32.0,9.625,5.5
2026-04-10T23:53:36.866000Z,96.7,124.1,17.0,5.0,22.0,27.0,32.0,9.625,5.5
2026-04-10T23:53:37.866000Z,96.7,124.1,17.0,5.0,22.0,27.0,32.0,9.625,5.5
2026-04-10T23:53:38.866000Z,96.7,124.1,17.0,5.0,22.0,27.0,32.0,9.625,5.5
2026-04-10T23:53:39.866000Z,96.7,124.1,17.0,5.0,22.0,27.0,32.0,9.625,5.5
2026-04-10T23:53:40.866000Z,96.7,124.1,17.0,5.0,22.0,27.0,32.0,9.625,5.5
2026-04-10T23:53:41.866000Z,96.7,124.1,17.0,5.0,22.0,27.0,32.0,9.625,5.5
2026-04-10T23:53:42.866000Z,96.7,124.1,17.0,5.0,22.0,27.0,32.0,9.625,5.5
2026-04-10T23:53:43.866000Z,96.7,124.1,17.0,5.0,22.0,27.0,32.0,9.625,5.5
2026-04-10T23:53:44.866000Z,96.7,124.1,17.0,5.0,22.0,27.0,32.0,9.625,5.5
2026-04-10T23:53:45.866000Z,96.7,124.1,17.0,5.0,22.0,27.0,32.0,9.625,5.5
2026-04-10T23:53:46.866000Z,96.7,124.1,17.0,5.0,22.0,27.0,32.0,9.625,5.5
2026-04-10T23:53:47.866000Z,96.7,124.1,17.0,5.0,22.0,27.0,32.0,9.625,5.5
2026-04-10T23:53:48.866000Z,96.7,124.1,17.0,5.0,22.0,27.0,32.0,9.625,5.5
2026-04-10T23:53:49.866000Z,96.7,124.1,17.0,5.0,22.0,27.0,32.0,9.625,5.5
2026-04-10T23:53:50.866000Z,96.7,124.1,17.0,5.0,22.0,27.0,32.0,9.625,5.5
2026-04-10T23:53:51.866000Z,96.7,124.1,17.0,5.0,22.0,27.0,32.0,9.625,5.5
2026-04-10T23:53:52.866000Z,96.7,124.1,17.0,5.0,22.0,27.0,32.0,9.625,5.5
2026-04-10T23:53:53.866000Z,96.7,124.1,17.0,5.0,22.0,27.0,32.0,9.625,5.5
2026-04-10T23:53:54.866000Z,96.7,124.1,17.0,5.0,22.0,27.0,32.0,9.625,5.5
2026-04-10T23:53:55.866000Z,96.7,124.1,17.0,5.0,22.0,27.0,32.0,9.625,5.5
2026-04-10T23:53:56.866000Z,96.7,124.1,17.0,5.0,22.0,27.0,32.0,9.625,5.5
2026-04-10T23:53:57.866000Z,96.7,124.1,17.0,5.0,22.0,27.0,32.0,9.625,5.5
2026-04-10T23:53:58.866000Z,96.7,124.1,17.0,5.0,22.0,27.0,32.0,9.625,5.5
2026-04-10T23:53:59.866000Z,96.7,124.1,17.0,5.0,22.0,27.0,32.0,9.625,5.5
2026-04-10T23:54:00.866000Z,96.7,124.1,17.0,5.0,22.0,27.0,32.0,9.625,5.5
2026-04-10T23:54:01.866000Z,96.7,124.1,17.0,5.0,22.0,27.0,32.0,9.625,5.5
2026-04-10T23:54:02.866000Z,96.7,124.1,17.0,5.0,22.0,27.0,32.0,9.625,5.5
2026-04-10T23:54:03.866000Z,96.7,124.1,17.0,5.0,22.0,27.0,32.0,9.625,5.5
2026-04-10T23:54:04.866000Z,96.7,124.1,17.0,5.0,22.0,27.0,32.0,9.625,5.5
2026-04-10T23:54:05.866000Z,96.7,124.1,17.0,5.0,22.0,27.0,32.0,9.625,5.5
2026-04-10T23:54:06.866000Z,96.7,124.1,17.0,5.0,22.0,27.0,32.0,9.625,5.5
2026-04-10T23:54:07.866000Z,96.7,124.1,17.0,5.0,22.0,27.0,32.0,9.625,5.5
2026-04-10T23:54:08.866000Z,96.7,124.1,17.0,5.0,22.0,27.0,32.0,9.625,5.5
2026-04-10T23:54:09.866000Z,96.7,124.1,17.0,5.0,22.0,27.0,32.0,9.625,5.5
2026-04-10T23:54:10.866000Z,96.7,124.1,17.0,5.0,22.0,27.0,32.0,9.625,5.5
2026-04-10T23:54:11.866000Z,96.7,124.1,17.0,5.0,22.0,27.0,32.0,9.625,5.5
2026-04-10T23:54:12.866000Z,96.7,124.1,17.0,5.0,22.0,27.0,32.0,9.625,5.5
2026-04-10T23:54:13.866000Z,96.7,124.1,17.0,5.0,22.0,27.0,32.0,9.625,5.5
2026-04-10T23:54:14.866000Z,96.7,124.1,17.0,5.0,22.0,27.0,32.0,9.625,5.5
2026-04-10T23:54:15.866000Z,96.7,124.1,17.0,5.0,22.0,27.0,32.0,9.625,5.5
2026-04-10T23:54:16.866000Z,96.7,124.1,17.0,5.0,22.0,27.0,32.0,9.625,5.5
2026-04-10T23:54:17.866000Z,96.7,124.1,17.0,5.0,22.0,27.0,32.0,9.625,5.5
2026-04-10T23:54:18.866000Z,96.7,124.1,17.0,5.0,22.0,27.0,32.0,9.625,5.5
2026-04-10T23:54:19.866000Z,96.7,124.1,17.0,5.0,22.0,27.0,32.0,9.625,5.5
2026-04-10T23:54:20.866000Z,96.7,124.1,17.0,5.0,22.0,27.0,32.0,9.625,5.5
2026-04-10T23:54:21.866000Z,96.7,124.1,17.0,5.0,22.0,27.0,32.0,9.625,5.5
2026-04-10T23:54:22.866000Z,96.7,124.1,17.0,5.0,22.0,27.0,32.0,9.625,5.5
2026-04-10T23:54:23.866000Z,96.7,124.1,17.0,5.0,22.0,27.0,32.0,9.625,5.5
2026-04-10T23:54:24.866000Z,96.7,124.1,17.0,5.0,22.0,27.0,32.0,9.625,5.5
2026-04-10T23:54:25.866000Z,96.7,124.1,17.0,5.0,22.0,27.0,32.0,9.625,5.5
2026-04-10T23:54:26.866000Z,96.7,124.1,17.0,5.0,22.0,27.0,32.0,9.625,5.5
2026-04-10T23:54:27.866000Z,96.7,124.1,17.0,5.0,22.0,27.0,32.0,9.625,5.5
2026-04-10T23:54:28.866000Z,96.7,124.1,17.0,5.0,22.0,27.0,32.0,9.625,5.5
2026-04-10T23:54:29.866000Z,96.7,124.1,17.0,5.0,22.0,27.0,32.0,9.625,5.5
2026-04-10T23:54:30.866000Z,96.7,124.1,17.0,5.0,22.0,27.0,32.0,9.625,5.5
2026-04-10T23:54:31.866000Z,96.7,124.1,17.0,5.0,22.0,27.0,32.0,9.625,5.5
2026-04-10T23:54:32.866000Z,96.7,124.1,17.0,5.0,22.0,27.0,32.0,9.625,5.5
2026-04-10T23:54:33.866000Z,96.7,124.1,17.0,5.0,22.0,27.0,32.0,9.625,5.5
2026-04-10T23:54:34.866000Z,96.7,124.1,17.0,5.0,22.0,27.0,32.0,9.625,5.5
2026-04-10T23:54:35.866000Z,96.7,124.1,17.0,5.0,22.0,27.0,32.0,9.625,5.5
2026-04-10T23:54:36.866000Z,96.7,124.1,17.0,5.0,22.0,27.0,32.0,9.625,5.5
2026-04-10T23:54:37.866000Z,96.7,124.1,17.0,5.0,22.0,27.0,32.0,9.625,5.5
2026-04-10T23:54:38.866000Z,96.7,124.1,17.0,5.0,22.0,27.0,32.0,9.625,5.5
2026-04-10T23:54:39.866000Z,96.7,124.1,17.0,5.0,22.0,27.0,32.0,9.625,5.5
2026-04-10T23:54:40.866000Z,96.7,124.1,17.0,5.0,22.0,27.0,32.0,9.625,5.5
2026-04-10T23:54:41.866000Z,96.7,124.1,17.0,5.0,22.0,27.0,32.0,9.625,5.5
2026-04-10T23:54:42.866000Z,96.7,124.1,17.0,5.0,22.0,27.0,32.0,9.625,5.5
2026-04-10T23:54:43.866000Z,96.7,124.1,17.0,5.0,22.0,27.0,32.0,9.625,5.5
2026-04-10T23:54:44.866000Z,96.7,124.1,17.0,5.0,22.0,27.0,32.0,9.625,5.5
2026-04-10T23:54:45.866000Z,96.7,124.1,17.0,5.0,22.0,27.0,32.0,9.625,5.5
2026-04-10T23:54:46.866000Z,96.7,124.1,17.0,5.0,22.0,27.0,32.0,9.625,5.5
2026-04-10T23:54:47.866000Z,96.7,124.1,17.0,5.0,22.0,27.0,32.0,9.625,5.5
2026-04-10T23:54:48.866000Z,96.7,124.1,17.0,5.0,22.0,27.0,32.0,9.625,5.5
2026-04-10T23:54:49.866000Z,96.7,124.1,17.0,5.0,22.0,27.0,32.0,9.625,5.5
2026-04-10T23:54:50.866000Z,96.7,124.1,17.0,5.0,22.0,27.0,32.0,9.625,5.5
2026-04-10T23:54:51.866000Z,96.7,124.1,17.0,5.0,22.0,27.0,32.0,9.625,5.5
2026-04-10T23:54:52.866000Z,96.7,124.1,17.0,5.0,22.0,27.0,32.0,9.625,5.5
2026-04-10T23:54:53.866000Z,96.7,124.1,17.0,5.0,22.0,27.0,32.0,9.625,5.5
2026-04-10T23:54:54.866000Z,96.7,124.1,17.0,5.0,22.0,27.0,32.0,9.625,5.5
2026-04-10T23:54:55.866000Z,96.7,124.1,17.0,5.0,22.0,27.0,32.0,9.625,5.5
2026-04-10T23:54:56.866000Z,96.7,124.1,17.0,5.0,22.0,27.0,32.0,9.625,5.5
2026-04-10T23:54:57.866000Z,96.7,124.1,17.0,5.0,22.0,27.0,32.0,9.625,5.5
2026-04-10T23:54:58.866000Z,96.7,124.1,17.0,5.0,22.0,27.0,32.0,9.625,5.5
2026-04-10T23:54:59.866000Z,96.7,124.1,17.0,5.0,22.0,27.0,32.0,9.625,5.5
2026-04-10T23:55:00.866000Z,96.7,124.1,17.0,5.0,22.0,27.0,32.0,9.625,5.5
2026-04-10T23:55:01.866000Z,96.7,124.1,17.0,5.0,22.0,27.0,32.0,9.625,5.5
2026-04-10T23:55:02.866000Z,96.7,124.1,17.0,5.0,22.0,27.0,32.0,9.625,5.5
2026-04-10T23:55:03.866000Z,96.7,124.1,17.0,5.0,22.0,27.0,32.0,9.625,5.5
2026-04-10T23:55:04.866000Z,96.7,124.1,17.0,5.0,22.0,27.0,32.0,9.625,5.5
2026-04-10T23:55:05.866000Z,96.7,124.1,17.0,5.0,22.0,27.0,32.0,9.625,5.5
2026-04-10T23:55:06.866000Z,96.7,124.1,17.0,5.0,22.0,27.0,32.0,9.625,5.5
2026-04-10T23:55:07.866000Z,96.7,124.1,17.0,5.0,22.0,27.0,32.0,9.625,5.5
2026-04-10T23:55:08.866000Z,96.7,124.1,17.0,5.0,22.0,27.0,32.0,9.625,5.5
2026-04-10T23:55:09.866000Z,96.7,124.1,17.0,5.0,22.0,27.0,32.0,9.625,5.5
2026-04-10T23:55:10.866000Z,96.7,124.1,17.0,5.0,22.0,27.0,32.0,9.625,5.5
2026-04-10T23:55:11.866000Z,96.7,124.1,17.0,5.0,22.0,27.0,32.0,9.625,5.5
2026-04-10T23:55:12.866000Z,96.7,124.1,17.0,5.0,22.0,27.0,32.0,9.625,5.5
2026-04-10T23:55:13.866000Z,96.7,124.1,17.0,5.0,22.0,27.0,32.0,9.625,5.5
2026-04-10T23:55:14.866000Z,96.7,124.1,17.0,5.0,22.0,27.0,32.0,9.625,5.5
2026-04-10T23:55:15.866000Z,96.7,124.1,17.0,5.0,22.0,27.0,32.0,9.625,5.5
2026-04-10T23:55:16.866000Z,96.7,124.1,17.0,5.0,22.0,27.0,32.0,9.625,5.5
2026-04-10T23:55:17.866000Z,96.7,124.1,17.0,5.0,22.0,27.0,32.0,9.625,5.5
2026-04-10T23:55:18.866000Z,96.7,124.1,17.0,5.0,22.0,27.0,32.0,9.625,5.5
2026-04-10T23:55:19.866000Z,96.7,124.1,17.0,5.0,22.0,27.0,32.0,9.625,5.5
2026-04-10T23:55:20.866000Z,96.7,124.1,17.0,5.0,22.0,27.0,32.0,9.625,5.5
2026-04-10T23:55:21.866000Z,96.7,124.1,17.0,5.0,22.0,27.0,32.0,9.625,5.5
2026-04-10T23:55:22.866000Z,96.7,124.1,17.0,5.0,22.0,27.0,32.0,9.625,5.5
2026-04-10T23:55:23.866000Z,96.7,124.1,17.0,5.0,22.0,27.0,32.0,9.625,5.5
2026-04-10T23:55:24.866000Z,96.7,124.1,17.0,5.0,22.0,27.0,32.0,9.625,5.5
2026-04-10T23:55:25.866000Z,96.7,124.1,17.0,5.0,22.0,27.0,32.0,9.625,5.5
2026-04-10T23:55:26.866000Z,96.7,124.1,17.0,5.0,22.0,27.0,32.0,9.625,5.5
2026-04-10T23:55:27.866000Z,96.7,124.1,17.0,5.0,22.0,27.0,32.0,9.625,5.5
2026-04-10T23:55:28.866000Z,96.7,124.1,17.0,5.0,22.0,27.0,32.0,9.625,5.5
2026-04-10T23:55:29.866000Z,96.7,124.1,17.0,5.0,22.0,27.0,32.0,9.625,5.5
2026-04-10T23:55:30.866000Z,96.7,124.1,17.0,5.0,22.0,27.0,32.0,9.625,5.5
2026-04-10T23:55:31.866000Z,96.7,124.1,17.0,5.0,22.0,27.0,32.0,9.625,5.5
2026-04-10T23:55:32.866000Z,96.7,124.1,17.0,5.0,22.0,27.0,32.0,9.625,5.5
2026-04-10T23:55:33.866000Z,96.7,124.1,17.0,5.0,22.0,27.0,32.0,9.625,5.5
2026-04-10T23:55:34.866000Z,96.7,124.1,17.0,5.0,22.0,27.0,32.0,9.625,5.5
2026-04-10T23:55:35.866000Z,96.7,124.1,17.0,5.0,22.0,27.0,32.0,9.625,5.5
2026-04-10T23:55:36.866000Z,96.7,124.1,17.0,5.0,22.0,27.0,32.0,9.625,5.5
2026-04-10T23:55:37.866000Z,96.7,124.1,17.0,5.0,22.0,27.0,32.0,9.625,5.5
2026-04-10T23:55:38.866000Z,96.7,124.1,17.0,5.0,22.0,27.0,32.0,9.625,5.5
2026-04-10T23:55:39.866000Z,96.7,124.1,17.0,5.0,22.0,27.0,32.0,9.625,5.5
2026-04-10T23:55:40.866000Z,96.7,124.1,17.0,5.0,22.0,27.0,32.0,9.625,5.5
2026-04-10T23:55:41.866000Z,96.7,124.1,17.0,5.0,22.0,27.0,32.0,9.625,5.5
2026-04-10T23:55:42.866000Z,96.7,124.1,17.0,5.0,22.0,27.0,32.0,9.625,5.5
2026-04-10T23:55:43.866000Z,96.7,124.1,17.0,5.0,22.0,27.0,32.0,9.625,5.5
2026-04-10T23:55:44.866000Z,96.7,124.1,17.0,5.0,22.0,27.0,32.0,9.625,5.5
2026-04-10T23:55:45.866000Z,96.7,124.1,17.0,5.0,22.0,27.0,32.0,9.625,5.5
2026-04-10T23:55:46.866000Z,96.7,124.1,17.0,5.0,22.0,27.0,32.0,9.625,5.5
2026-04-10T23:55:47.866000Z,96.7,124.1,17.0,5.0,22.0,27.0,32.0,9.625,5.5
2026-04-10T23:55:48.866000Z,96.7,124.1,17.0,5.0,22.0,27.0,32.0,9.625,5.5
2026-04-10T23:55:49.866000Z,96.7,124.1,17.0,5.0,22.0,27.0,32.0,9.625,5.5
2026-04-10T23:55:50.866000Z,96.7,124.1,17.0,5.0,22.0,27.0,32.0,9.625,5.5
2026-04-10T23:55:51.866000Z,96.7,124.1,17.0,5.0,22.0,27.0,32.0,9.625,5.5
2026-04-10T23:55:52.866000Z,96.7,124.1,17.0,5.0,22.0,27.0,32.0,9.625,5.5
2026-04-10T23:55:53.866000Z,96.7,124.1,17.0,5.0,22.0,27.0,32.0,9.625,5.5
2026-04-10T23:55:54.866000Z,96.7,124.1,17.0,5.0,22.0,27.0,32.0,9.625,5.5
2026-04-10T23:55:55.866000Z,96.7,124.1,17.0,5.0,22.0,27.0,32.0,9.625,5.5
2026-04-10T23:55:56.866000Z,96.7,124.1,17.0,5.0,22.0,27.0,32.0,9.625,5.5
2026-04-10T23:55:57.866000Z,96.7,124.1,17.0,5.0,22.0,27.0,32.0,9.625,5.5
2026-04-10T23:55:58.866000Z,96.7,124.1,17.0,5.0,22.0,27.0,32.0,9.625,5.5
2026-04-10T23:55:59.866000Z,96.7,124.1,17.0,5.0,22.0,27.0,32.0,9.625,5.5
2026-04-10T23:56:00.866000Z,96.7,124.1,17.0,5.0,22.0,27.0,32.0,9.625,5.5
2026-04-10T23:56:01.866000Z,96.7,124.1,17.0,5.0,22.0,27.0,32.0,9.625,5.5
2026-04-10T23:56:02.866000Z,96.7,124.1,17.0,5.0,22.0,27.0,32.0,9.625,5.5
2026-04-10T23:56:03.866000Z,96.7,124.1,17.0,5.0,22.0,27.0,32.0,9.625,5.5
2026-04-10T23:56:04.866000Z,96.7,124.1,17.0,5.0,22.0,27.0,32.0,9.625,5.5
2026-04-10T23:56:05.866000Z,96.7,124.1,17.0,5.0,22.0,27.0,32.0,9.625,5.5
2026-04-10T23:56:06.866000Z,96.7,124.1,17.0,5.0,22.0,27.0,32.0,9.625,5.5
2026-04-10T23:56:07.866000Z,96.7,124.1,17.0,5.0,22.0,27.0,32.0,9.625,5.5
2026-04-10T23:56:08.866000Z,96.7,124.1,17.0,5.0,22.0,27.0,32.0,9.625,5.5
2026-04-10T23:56:09.866000Z,96.7,124.1,17.0,5.0,22.0,27.0,32.0,9.625,5.5
2026-04-10T23:56:10.866000Z,96.7,124.1,17.0,5.0,22.0,27.0,32.0,9.625,5.5
2026-04-10T23:56:11.866000Z,96.7,124.1,17.0,5.0,22.0,27.0,32.0,9.625,5.5
2026-04-10T23:56:12.866000Z,96.7,124.1,17.0,5.0,22.0,27.0,32.0,9.625,5.5
2026-04-10T23:56:13.866000Z,96.7,124.1,17.0,5.0,22.0,27.0,32.0,9.625,5.5
2026-04-10T23:56:14.866000Z,96.7,124.1,17.0,5.0,22.0,27.0,32.0,9.625,5.5
2026-04-10T23:56:15.866000Z,96.7,124.1,17.0,5.0,22.0,27.0,32.0,9.625,5.5
2026-04-10T23:56:16.866000Z,96.7,124.1,17.0,5.0,22.0,27.0,32.0,9.625,5.5
2026-04-10T23:56:17.866000Z,96.7,124.1,17.0,5.0,22.0,27.0,32.0,9.625,5.5
2026-04-10T23:56:18.866000Z,96.7,124.1,17.0,5.0,22.0,27.0,32.0,9.625,5.5
2026-04-10T23:56:19.866000Z,96.7,124.1,17.0,5.0,22.0,27.0,32.0,9.625,5.5
2026-04-10T23:56:20.866000Z,96.7,124.1,17.0,5.0,22.0,27.0,32.0,9.625,5.5
2026-04-10T23:56:21.866000Z,96.7,124.1,17.0,5.0,22.0,27.0,32.0,9.625,5.5
2026-04-10T23:56:22.866000Z,96.7,124.1,17.0,5.0,22.0,27.0,32.0,9.625,5.5
2026-04-10T23:56:23.866000Z,96.7,124.1,17.0,5.0,22.0,27.0,32.0,9.625,5.5
2026-04-10T23:56:24.866000Z,96.7,124.1,17.0,5.0,22.0,27.0,32.0,9.625,5.5
2026-04-10T23:56:25.866000Z,96.7,124.1,17.0,5.0,22.0,27.0,32.0,9.625,5.5
2026-04-10T23:56:26.866000Z,96.7,124.1,17.0,5.0,22.0,27.0,32.0,9.625,5.5
2026-04-10T23:56:27.866000Z,96.7,124.1,17.0,5.0,22.0,27.0,32.0,9.625,5.5
2026-04-10T23:56:28.866000Z,96.7,124.1,17.0,5.0,22.0,27.0,32.0,9.625,5.5
2026-04-10T23:56:29.866000Z,96.7,124.1,17.0,5.0,22.0,27.0,32.0,9.625,5.5
2026-04-10T23:56:30.866000Z,96.7,124.1,17.0,5.0,22.0,27.0,32.0,9.625,5.5
2026-04-10T23:56:31.866000Z,96.7,124.1,17.0,5.0,22.0,27.0,32.0,9.625,5.5
2026-04-10T23:56:32.866000Z,96.7,124.1,17.0,5.0,22.0,27.0,32.0,9.625,5.5
2026-04-10T23:56:33.866000Z,96.7,124.1,17.0,5.0,22.0,27.0,32.0,9.625,5.5
2026-04-10T23:56:34.866000Z,96.7,124.1,17.0,5.0,22.0,27.0,32.0,9.625,5.5
2026-04-10T23:56:35.866000Z,96.7,124.1,17.0,5.0,22.0,27.0,32.0,9.625,5.5
2026-04-10T23:56:36.866000Z,96.7,124.1,17.0,5.0,22.0,27.0,32.0,9.625,5.5
2026-04-10T23:56:37.866000Z,96.7,124.1,17.0,5.0,22.0,27.0,32.0,9.625,5.5
2026-04-10T23:56:38.866000Z,96.7,124.1,17.0,5.0,22.0,27.0,32.0,9.625,5.5
2026-04-10T23:56:39.866000Z,96.7,124.1,17.0,5.0,22.0,27.0,32.0,9.625,5.5
2026-04-10T23:56:40.866000Z,96.7,124.1,17.0,5.0,22.0,27.0,32.0,9.625,5.5
2026-04-10T23:56:41.866000Z,96.7,124.1,17.0,5.0,22.0,27.0,32.0,9.625,5.5
2026-04-10T23:56:42.866000Z,96.7,124.1,17.0,5.0,22.0,27.0,32.0,9.625,5.5
2026-04-10T23:56:43.866000Z,96.7,124.1,17.0,5.0,22.0,27.0,32.0,9.625,5.5
2026-04-10T23:56:44.866000Z,96.7,124.1,17.0,5.0,22.0,27.0,32.0,9.625,5.5
2026-04-10T23:56:45.866000Z,96.7,124.1,17.0,5.0,22.0,27.0,32.0,9.625,5.5
2026-04-10T23:56:46.866000Z,96.7,124.1,17.0,5.0,22.0,27.0,32.0,9.625,5.5
2026-04-10T23:56:47.866000Z,96.7,124.1,17.0,5.0,22.0,27.0,32.0,9.625,5.5
2026-04-10T23:56:48.866000Z,96.7,124.1,17.0,5.0,22.0,27.0,32.0,9.625,5.5
2026-04-10T23:56:49.866000Z,96.7,124.1,17.0,5.0,22.0,27.0,32.0,9.625,5.5
2026-04-10T23:56:50.866000Z,96.7,124.1,17.0,5.0,22.0,27.0,32.0,9.625,5.5
2026-04-10T23:56:51.866000Z,96.7,124.1,17.0,5.0,22.0,27.0,32.0,9.625,5.5
2026-04-10T23:56:52.866000Z,96.7,124.1,17.0,5.0,22.0,27.0,32.0,9.625,5.5
2026-04-10T23:56:53.866000Z,96.7,124.1,17.0,5.0,22.0,27.0,32.0,9.625,5.5
2026-04-10T23:56:54.866000Z,96.7,124.1,17.0,5.0,22.0,27.0,32.0,9.625,5.5
2026-04-10T23:56:55.866000Z,96.7,124.1,17.0,5.0,22.0,27.0,32.0,9.625,5.5
2026-04-10T23:56:56.866000Z,96.7,124.1,17.0,5.0,22.0,27.0,32.0,9.625,5.5
2026-04-10T23:56:57.866000Z,96.7,124.1,17.0,5.0,22.0,27.0,32.0,9.625,5.5
2026-04-10T23:56:58.866000Z,96.7,124.1,17.0,5.0,22.0,27.0,32.0,9.625,5.5
2026-04-10T23:56:59.866000Z,96.7,124.1,17.0,5.0,22.0,27.0,32.0,9.625,5.5
2026-04-10T23:57:00.866000Z,96.7,124.1,17.0,5.0,22.0,27.0,32.0,9.625,5.5
2026-04-10T23:57:01.866000Z,96.7,124.1,17.0,5.0,22.0,27.0,32.0,9.625,5.5
2026-04-10T23:57:02.866000Z,96.7,124.1,17.0,5.0,22.0,27.0,32.0,9.625,5.5
2026-04-10T23:57:03.866000Z,96.7,124.1,17.0,5.0,22.0,27.0,32.0,9.625,5.5
2026-04-10T23:57:04.866000Z,96.7,124.1,17.0,5.0,22.0,27.0,32.0,9.625,5.5
2026-04-10T23:57:05.866000Z,96.7,124.1,17.0,5.0,22.0,27.0,32.0,9.625,5.5
2026-04-10T23:57:06.866000Z,96.7,124.1,17.0,5.0,22.0,27.0,32.0,9.625,5.5
2026-04-10T23:57:07.866000Z,96.7,124.1,17.0,5.0,22.0,27.0,32.0,9.625,5.5
2026-04-10T23:57:08.866000Z,96.7,124.1,17.0,5.0,22.0,27.0,32.0,9.625,5.5
2026-04-10T23:57:09.866000Z,96.7,124.1,17.0,5.0,22.0,27.0,32.0,9.625,5.5
2026-04-10T23:57:10.866000Z,96.7,124.1,17.0,5.0,22.0,27.0,32.0,9.625,5.5
2026-04-10T23:57:11.866000Z,96.7,124.1,17.0,5.0,22.0,27.0,32.0,9.625,5.5
2026-04-10T23:57:12.866000Z,96.7,124.1,17.0,5.0,22.0,27.0,32.0,9.625,5.5
2026-04-10T23:57:13.866000Z,96.7,124.1,17.0,5.0,22.0,27.0,32.0,9.625,5.5
2026-04-10T23:57:14.866000Z,96.7,124.1,17.0,5.0,22.0,27.0,32.0,9.625,5.5
2026-04-10T23:57:15.866000Z,96.7,124.1,17.0,5.0,22.0,27.0,32.0,9.625,5.5
2026-04-10T23:57:16.866000Z,96.7,124.1,17.0,5.0,22.0,27.0,32.0,9.625,5.5
2026-04-10T23:57:17.866000Z,96.7,124.1,17.0,5.0,22.0,27.0,32.0,9.625,5.5
2026-04-10T23:57:18.866000Z,96.7,124.1,17.0,5.0,22.0,27.0,32.0,9.625,5.5
2026-04-10T23:57:19.866000Z,96.7,124.1,17.0,5.0,22.0,27.0,32.0,9.625,5.5
2026-04-10T23:57:20.866000Z,96.7,124.1,17.0,5.0,22.0,27.0,32.0,9.625,5.5
2026-04-10T23:57:21.866000Z,96.7,124.1,17.0,5.0,22.0,27.0,32.0,9.625,5.5
2026-04-10T23:57:22.866000Z,96.7,124.1,17.0,5.0,22.0,27.0,32.0,9.625,5.5
2026-04-10T23:57:23.866000Z,96.7,124.1,17.0,5.0,22.0,27.0,32.0,9.625,5.5
2026-04-10T23:57:24.866000Z,96.7,124.1,17.0,5.0,22.0,27.0,32.0,9.625,5.5
2026-04-10T23:57:25.866000Z,96.7,124.1,17.0,5.0,22.0,27.0,32.0,9.625,5.5
2026-04-10T23:57:26.866000Z,96.7,124.1,17.0,5.0,22.0,27.0,32.0,9.625,5.5
2026-04-10T23:57:27.866000Z,96.7,124.1,17.0,5.0,22.0,27.0,32.0,9.625,5.5
2026-04-10T23:57:28.866000Z,96.7,124.1,17.0,5.0,22.0,27.0,32.0,9.625,5.5
2026-04-10T23:57:29.866000Z,96.7,124.1,17.0,5.0,22.0,27.0,32.0,9.625,5.5
2026-04-10T23:57:30.866000Z,96.7,124.1,17.0,5.0,22.0,27.0,32.0,9.625,5.5
2026-04-10T23:57:31.866000Z,96.7,124.1,17.0,5.0,22.0,27.0,32.0,9.625,5.5
2026-04-10T23:57:32.866000Z,96.7,124.1,17.0,5.0,22.0,27.0,32.0,9.625,5.5
2026-04-10T23:57:33.866000Z,96.7,124.1,17.0,5.0,22.0,27.0,32.0,9.625,5.5
2026-04-10T23:57:34.866000Z,96.7,124.1,17.0,5.0,22.0,27.0,32.0,9.625,5.5
2026-04-10T23:57:35.866000Z,96.7,124.1,17.0,5.0,22.0,27.0,32.0,9.625,5.5
2026-04-10T23:57:36.866000Z,96.7,124.1,17.0,5.0,22.0,27.0,32.0,9.625,5.5
2026-04-10T23:57:37.866000Z,96.7,124.1,17.0,5.0,22.0,27.0,32.0,9.625,5.5
2026-04-10T23:57:38.866000Z,96.7,124.1,17.0,5.0,22.0,27.0,32.0,9.625,5.5
2026-04-10T23:57:39.866000Z,96.7,124.1,17.0,5.0,22.0,27.0,32.0,9.625,5.5
2026-04-10T23:57:40.866000Z,96.7,124.1,17.0,5.0,22.0,27.0,32.0,9.625,5.5
2026-04-10T23:57:41.866000Z,96.7,124.1,17.0,5.0,22.0,27.0,32.0,9.625,5.5
2026-04-10T23:57:42.866000Z,96.7,124.1,17.0,5.0,22.0,27.0,32.0,9.625,5.5
2026-04-10T23:57:43.866000Z,96.7,124.1,17.0,5.0,22.0,27.0,32.0,9.625,5.5
2026-04-10T23:57:44.866000Z,96.7,124.1,17.0,5.0,22.0,27.0,32.0,9.625,5.5
2026-04-10T23:57:45.866000Z,96.7,124.1,17.0,5.0,22.0,27.0,32.0,9.625,5.5
2026-04-10T23:57:46.866000Z,96.7,124.1,17.0,5.0,22.0,27.0,32.0,9.625,5.5
2026-04-10T23:57:47.866000Z,96.7,124.1,17.0,5.0,22.0,27.0,32.0,9.625,5.5
2026-04-10T23:57:48.866000Z,96.7,124.1,17.0,5.0,22.0,27.0,32.0,9.625,5.5
2026-04-10T23:57:49.866000Z,96.7,124.1,17.0,5.0,22.0,27.0,32.0,9.625,5.5
2026-04-10T23:57:50.866000Z,96.7,124.1,17.0,5.0,22.0,27.0,32.0,9.625,5.5
2026-04-10T23:57:51.866000Z,96.7,124.1,17.0,5.0,22.0,27.0,32.0,9.625,5.5
2026-04-10T23:57:52.866000Z,96.7,124.1,17.0,5.0,22.0,27.0,32.0,9.625,5.5
2026-04-10T23:57:53.866000Z,96.7,124.1,17.0,5.0,22.0,27.0,32.0,9.625,5.5
2026-04-10T23:57:54.866000Z,96.7,124.1,17.0,5.0,22.0,27.0,32.0,9.625,5.5
2026-04-10T23:57:55.866000Z,96.7,124.1,17.0,5.0,22.0,27.0,32.0,9.625,5.5
2026-04-10T23:57:56.866000Z,96.7,124.1,17.0,5.0,22.0,27.0,32.0,9.625,5.5
2026-04-10T23:57:57.866000Z,96.7,124.1,17.0,5.0,22.0,27.0,32.0,9.625,5.5
2026-04-10T23:57:58.866000Z,96.7,124.1,17.0,5.0,22.0,27.0,32.0,9.625,5.5
2026-04-10T23:57:59.866000Z,96.7,124.1,17.0,5.0,22.0,27.0,32.0,9.625,5.5
2026-04-10T23:58:00.866000Z,96.7,124.1,17.0,5.0,22.0,27.0,32.0,9.625,5.5
2026-04-10T23:58:01.866000Z,96.7,124.1,17.0,5.0,22.0,27.0,32.0,9.625,5.5
2026-04-10T23:58:02.866000Z,96.7,124.1,17.0,5.0,22.0,27.0,32.0,9.625,5.5
2026-04-10T23:58:03.866000Z,96.7,124.1,17.0,5.0,22.0,27.0,32.0,9.625,5.5
2026-04-10T23:58:04.866000Z,96.7,124.1,17.0,5.0,22.0,27.0,32.0,9.625,5.5
2026-04-10T23:58:05.866000Z,96.7,124.1,17.0,5.0,22.0,27.0,32.0,9.625,5.5
2026-04-10T23:58:06.866000Z,96.7,124.1,17.0,5.0,22.0,27.0,32.0,9.625,5.5
2026-04-10T23:58:07.866000Z,96.7,124.1,17.0,5.0,22.0,27.0,32.0,9.625,5.5
2026-04-10T23:58:08.866000Z,96.7,124.1,17.0,5.0,22.0,27.0,32.0,9.625,5.5
2026-04-10T23:58:09.866000Z,96.7,124.1,17.0,5.0,22.0,27.0,32.0,9.625,5.5
2026-04-10T23:58:10.866000Z,96.7,124.1,17.0,5.0,22.0,27.0,32.0,9.625,5.5
2026-04-10T23:58:11.866000Z,96.7,124.1,17.0,5.0,22.0,27.0,32.0,9.625,5.5
2026-04-10T23:58:12.866000Z,96.7,124.1,17.0,5.0,22.0,27.0,32.0,9.625,5.5
2026-04-10T23:58:13.866000Z,96.7,124.1,17.0,5.0,22.0,27.0,32.0,9.625,5.5
2026-04-10T23:58:14.866000Z,96.7,124.1,17.0,5.0,22.0,27.0,32.0,9.625,5.5
2026-04-10T23:58:15.866000Z,96.7,124.1,17.0,5.0,22.0,27.0,32.0,9.625,5.5
2026-04-10T23:58:16.866000Z,96.7,124.1,17.0,5.0,22.0,27.0,32.0,9.625,5.5
2026-04-10T23:58:17.866000Z,96.7,124.1,17.0,5.0,22.0,27.0,32.0,9.625,5.5
2026-04-10T23:58:18.866000Z,96.7,124.1,17.0,5.0,22.0,27.0,32.0,9.625,5.5
2026-04-10T23:58:19.866000Z,96.7,124.1,17.0,5.0,22.0,27.0,32.0,9.625,5.5
2026-04-10T23:58:20.866000Z,96.7,124.1,17.0,5.0,22.0,27.0,32.0,9.625,5.5
2026-04-10T23:58:21.866000Z,96.7,124.1,17.0,5.0,22.0,27.0,32.0,9.625,5.5
2026-04-10T23:58:22.866000Z,96.7,124.1,17.0,5.0,22.0,27.0,32.0,9.625,5.5
2026-04-10T23:58:23.866000Z,96.7,124.1,17.0,5.0,22.0,27.0,32.0,9.625,5.5
2026-04-10T23:58:24.866000Z,96.7,124.1,17.0,5.0,22.0,27.0,32.0,9.625,5.5
2026-04-10T23:58:25.866000Z,96.7,124.1,17.0,5.0,22.0,27.0,32.0,9.625,5.5
2026-04-10T23:58:26.866000Z,96.7,124.1,17.0,5.0,22.0,27.0,32.0,9.625,5.5
2026-04-10T23:58:27.866000Z,96.7,124.1,17.0,5.0,22.0,27.0,32.0,9.625,5.5
2026-04-10T23:58:28.866000Z,96.7,124.1,17.0,5.0,22.0,27.0,32.0,9.625,5.5
2026-04-10T23:58:29.866000Z,96.7,124.1,17.0,5.0,22.0,27.0,32.0,9.625,5.5
2026-04-10T23:58:30.866000Z,96.7,124.1,17.0,5.0,22.0,27.0,32.0,9.625,5.5
2026-04-10T23:58:31.866000Z,96.7,124.1,17.0,5.0,22.0,27.0,32.0,9.625,5.5
2026-04-10T23:58:32.866000Z,96.7,124.1,17.0,5.0,22.0,27.0,32.0,9.625,5.5
2026-04-10T23:58:33.866000Z,96.7,124.1,17.0,5.0,22.0,27.0,32.0,9.625,5.5
2026-04-10T23:58:34.866000Z,96.7,124.1,17.0,5.0,22.0,27.0,32.0,9.625,5.5
2026-04-10T23:58:35.866000Z,96.7,124.1,17.0,5.0,22.0,27.0,32.0,9.625,5.5
2026-04-10T23:58:36.866000Z,96.7,124.1,17.0,5.0,22.0,27.0,32.0,9.625,5.5
2026-04-10T23:58:37.866000Z,96.7,124.1,17.0,5.0,22.0,27.0,32.0,9.625,5.5
2026-04-10T23:58:38.866000Z,96.7,124.1,17.0,5.0,22.0,27.0,32.0,9.625,5.5
2026-04-10T23:58:39.866000Z,96.7,124.1,17.0,5.0,22.0,27.0,32.0,9.625,5.5
2026-04-10T23:58:40.866000Z,96.7,124.1,17.0,5.0,22.0,27.0,32.0,9.625,5.5
2026-04-10T23:58:41.866000Z,96.7,124.1,17.0,5.0,22.0,27.0,32.0,9.625,5.5
2026-04-10T23:58:42.866000Z,96.7,124.1,17.0,5.0,22.0,27.0,32.0,9.625,5.5
2026-04-10T23:58:43.866000Z,96.7,124.1,17.0,5.0,22.0,27.0,32.0,9.625,5.5
2026-04-10T23:58:44.866000Z,96.7,124.1,17.0,5.0,22.0,27.0,32.0,9.625,5.5
2026-04-10T23:58:45.866000Z,96.7,124.1,17.0,5.0,22.0,27.0,32.0,9.625,5.5
2026-04-10T23:58:46.866000Z,96.7,124.1,17.0,5.0,22.0,27.0,32.0,9.625,5.5
2026-04-10T23:58:47.866000Z,96.7,124.1,17.0,5.0,22.0,27.0,32.0,9.625,5.5
2026-04-10T23:58:48.866000Z,96.7,124.1,17.0,5.0,22.0,27.0,32.0,9.625,5.5
2026-04-10T23:58:49.866000Z,96.7,124.1,17.0,5.0,22.0,27.0,32.0,9.625,5.5
2026-04-10T23:58:50.866000Z,96.7,124.1,17.0,5.0,22.0,27.0,32.0,9.625,5.5
2026-04-10T23:58:51.866000Z,96.7,124.1,17.0,5.0,22.0,27.0,32.0,9.625,5.5
2026-04-10T23:58:52.866000Z,96.7,124.1,17.0,5.0,22.0,27.0,32.0,9.625,5.5
2026-04-10T23:58:53.866000Z,96.7,124.1,17.0,5.0,22.0,27.0,32.0,9.625,5.5
2026-04-10T23:58:54.866000Z,96.7,124.1,17.0,5.0,22.0,27.0,32.0,9.625,5.5
2026-04-10T23:58:55.866000Z,96.7,124.1,17.0,5.0,22.0,27.0,32.0,9.625,5.5
2026-04-10T23:58:56.866000Z,96.7,124.1,17.0,5.0,22.0,27.0,32.0,9.625,5.5
2026-04-10T23:58:57.866000Z,96.7,124.1,17.0,5.0,22.0,27.0,32.0,9.625,5.5
2026-04-10T23:58:58.866000Z,96.7,124.1,17.0,5.0,22.0,27.0,32.0,9.625,5.5
2026-04-10T23:58:59.866000Z,96.7,124.1,17.0,5.0,22.0,27.0,32.0,9.625,5.5
2026-04-10T23:59:00.866000Z,96.7,124.1,17.0,5.0,22.0,27.0,32.0,9.625,5.5
2026-04-10T23:59:01.866000Z,96.7,124.1,17.0,5.0,22.0,27.0,32.0,9.625,5.5
2026-04-10T23:59:02.866000Z,96.7,124.1,17.0,5.0,22.0,27.0,32.0,9.625,5.5
2026-04-10T23:59:03.866000Z,96.7,124.1,17.0,5.0,22.0,27.0,32.0,9.625,5.5
2026-04-10T23:59:04.866000Z,96.7,124.1,17.0,5.0,22.0,27.0,32.0,9.625,5.5
2026-04-10T23:59:05.866000Z,96.7,124.1,17.0,5.0,22.0,27.0,32.0,9.625,5.5
2026-04-10T23:59:06.866000Z,96.7,124.1,17.0,5.0,22.0,27.0,32.0,9.625,5.5
2026-04-10T23:59:07.866000Z,96.7,124.1,17.0,5.0,22.0,27.0,32.0,9.625,5.5
2026-04-10T23:59:08.866000Z,96.7,124.1,17.0,5.0,22.0,27.0,32.0,9.625,5.5
2026-04-10T23:59:09.866000Z,96.7,124.1,17.0,5.0,22.0,27.0,32.0,9.625,5.5
2026-04-10T23:59:10.866000Z,96.7,124.1,17.0,5.0,22.0,27.0,32.0,9.625,5.5
2026-04-10T23:59:11.866000Z,96.7,124.1,17.0,5.0,22.0,27.0,32.0,9.625,5.5
2026-04-10T23:59:12.866000Z,96.7,124.1,17.0,5.0,22.0,27.0,32.0,9.625,5.5
2026-04-10T23:59:13.866000Z,96.7,124.1,17.0,5.0,22.0,27.0,32.0,9.625,5.5
2026-04-10T23:59:14.866000Z,96.7,124.1,17.0,5.0,22.0,27.0,32.0,9.625,5.5
2026-04-10T23:59:15.866000Z,96.7,124.1,17.0,5.0,22.0,27.0,32.0,9.625,5.5
2026-04-10T23:59:16.866000Z,96.7,124.1,17.0,5.0,22.0,27.0,32.0,9.625,5.5
2026-04-10T23:59:17.866000Z,96.7,124.1,17.0,5.0,22.0,27.0,32.0,9.625,5.5
2026-04-10T23:59:18.866000Z,96.7,124.1,17.0,5.0,22.0,27.0,32.0,9.625,5.5
2026-04-10T23:59:19.866000Z,96.7,124.1,17.0,5.0,22.0,27.0,32.0,9.625,5.5
2026-04-10T23:59:20.866000Z,96.7,124.1,17.0,5.0,22.0,27.0,32.0,9.625,5.5
2026-04-10T23:59:21.866000Z,96.7,124.1,17.0,5.0,22.0,27.0,32.0,9.625,5.5
2026-04-10T23:59:22.866000Z,96.7,124.1,17.0,5.0,22.0,27.0,32.0,9.625,5.5
2026-04-10T23:59:23.866000Z,96.7,124.1,17.0,5.0,22.0,27.0,32.0,9.625,5.5
2026-04-10T23:59:24.866000Z,96.7,124.1,17.0,5.0,22.0,27.0,32.0,9.625,5.5
2026-04-10T23:59:25.866000Z,96.7,124.1,17.0,5.0,22.0,27.0,32.0,9.625,5.5
2026-04-10T23:59:26.866000Z,96.7,124.1,17.0,5.0,22.0,27.0,32.0,9.625,5.5
2026-04-10T23:59:27.866000Z,96.7,124.1,17.0,5.0,22.0,27.0,32.0,9.625,5.5
2026-04-10T23:59:28.866000Z,96.7,124.1,17.0,5.0,22.0,27.0,32.0,9.625,5.5
2026-04-10T23:59:29.866000Z,96.7,124.1,17.0,5.0,22.0,27.0,32.0,9.625,5.5
2026-04-10T23:59:30.866000Z,96.7,124.1,17.0,5.0,22.0,27.0,32.0,9.625,5.5
2026-04-10T23:59:31.866000Z,96.7,124.1,17.0,5.0,22.0,27.0,32.0,9.625,5.5
2026-04-10T23:59:32.866000Z,96.7,124.1,17.0,5.0,22.0,27.0,32.0,9.625,5.5
2026-04-10T23:59:33.866000Z,96.7,124.1,17.0,5.0,22.0,27.0,32.0,9.625,5.5
2026-04-10T23:59:34.866000Z,96.7,124.1,17.0,5.0,22.0,27.0,32.0,9.625,5.5
2026-04-10T23:59:35.866000Z,96.7,124.1,17.0,5.0,22.0,27.0,32.0,9.625,5.5
2026-04-10T23:59:36.866000Z,96.7,124.1,17.0,5.0,22.0,27.0,32.0,9.625,5.5
2026-04-10T23:59:37.866000Z,96.7,124.1,17.0,5.0,22.0,27.0,32.0,9.625,5.5
2026-04-10T23:59:38.866000Z,96.7,124.1,17.0,5.0,22.0,27.0,32.0,9.625,5.5
2026-04-10T23:59:39.866000Z,96.7,124.1,17.0,5.0,22.0,27.0,32.0,9.625,5.5
2026-04-10T23:59:40.866000Z,96.7,124.1,17.0,5.0,22.0,27.0,32.0,9.625,5.5
2026-04-10T23:59:41.866000Z,96.7,124.1,17.0,5.0,22.0,27.0,32.0,9.625,5.5
2026-04-10T23:59:42.866000Z,96.7,124.1,17.0,5.0,22.0,27.0,32.0,9.625,5.5
2026-04-10T23:59:43.866000Z,96.7,124.1,17.0,5.0,22.0,27.0,32.0,9.625,5.5
2026-04-10T23:59:44.866000Z,96.7,124.1,17.0,5.0,22.0,27.0,32.0,9.625,5.5
2026-04-10T23:59:45.866000Z,96.7,124.1,17.0,5.0,22.0,27.0,32.0,9.625,5.5
2026-04-10T23:59:46.866000Z,96.7,124.1,17.0,5.0,22.0,27.0,32.0,9.625,5.5
2026-04-10T23:59:47.866000Z,96.7,124.1,17.0,5.0,22.0,27.0,32.0,9.625,5.5
2026-04-10T23:59:48.866000Z,96.7,124.1,17.0,5.0,22.0,27.0,32.0,9.625,5.5
2026-04-10T23:59:49.866000Z,96.7,124.1,17.0,5.0,22.0,27.0,32.0,9.625,5.5
2026-04-10T23:59:50.866000Z,96.7,124.1,17.0,5.0,22.0,27.0,32.0,9.625,5.5
2026-04-10T23:59:51.866000Z,96.7,124.1,17.0,5.0,22.0,27.0,32.0,9.625,5.5
2026-04-10T23:59:52.866000Z,96.7,124.1,17.0,5.0,22.0,27.0,32.0,9.625,5.5
2026-04-10T23:59:53.866000Z,96.7,124.1,17.0,5.0,22.0,27.0,32.0,9.625,5.5
2026-04-10T23:59:54.866000Z,96.7,124.1,17.0,5.0,22.0,27.0,32.0,9.625,5.5
2026-04-10T23:59:55.866000Z,96.7,124.1,17.0,5.0,22.0,27.0,32.0,9.625,5.5
2026-04-10T23:59:56.866000Z,96.7,124.1,17.0,5.0,22.0,27.0,32.0,9.625,5.5
2026-04-10T23:59:57.866000Z,96.7,124.1,17.0,5.0,22.0,27.0,32.0,9.625,5.5
2026-04-10T23:59:58.866000Z,96.7,124.1,17.0,5.0,22.0,27.0,32.0,9.625,5.5
2026-04-10T23:59:59.866000Z,96.7,124.1,17.0,5.0,22.0,27.0,32.0,9.625,5.5
2026-04-11T00:00:00.866000Z,93.7,123.8,12.0,7.0,5.0,22.0,27.0,12.5,5.75
2026-04-11T00:00:01.866000Z,93.7,123.8,12.0,7.0,5.0,22.0,27.0,12.5,5.75
2026-04-11T00:00:02.866000Z,93.7,123.8,12.0,7.0,5.0,22.0,27.0,12.5,5.75
2026-04-11T00:00:03.866000Z,93.7,123.8,12.0,7.0,5.0,22.0,27.0,12.5,5.75
2026-04-11T00:00:04.866000Z,93.7,123.8,12.0,7.0,5.0,22.0,27.0,12.5,5.75
2026-04-11T00:00:05.866000Z,93.7,123.8,12.0,7.0,5.0,22.0,27.0,12.5,5.75
2026-04-11T00:00:06.866000Z,93.7,123.8,12.0,7.0,5.0,22.0,27.0,12.5,5.75
2026-04-11T00:00:07.866000Z,93.7,123.8,12.0,7.0,5.0,22.0,27.0,12.5,5.75
2026-04-11T00:00:08.866000Z,93.7,123.8,12.0,7.0,5.0,22.0,27.0,12.5,5.75
2026-04-11T00:00:09.866000Z,93.7,123.8,12.0,7.0,5.0,22.0,27.0,12.5,5.75
2026-04-11T00:00:10.866000Z,93.7,123.8,12.0,7.0,5.0,22.0,27.0,12.5,5.75
2026-04-11T00:00:11.866000Z,93.7,123.8,12.0,7.0,5.0,22.0,27.0,12.5,5.75
2026-04-11T00:00:12.866000Z,93.7,123.8,12.0,7.0,5.0,22.0,27.0,12.5,5.75
2026-04-11T00:00:13.866000Z,93.7,123.8,12.0,7.0,5.0,22.0,27.0,12.5,5.75
2026-04-11T00:00:14.866000Z,93.7,123.8,12.0,7.0,5.0,22.0,27.0,12.5,5.75
2026-04-11T00:00:15.866000Z,93.7,123.8,12.0,7.0,5.0,22.0,27.0,12.5,5.75
2026-04-11T00:00:16.866000Z,93.7,123.8,12.0,7.0,5.0,22.0,27.0,12.5,5.75
2026-04-11T00:00:17.866000Z,93.7,123.8,12.0,7.0,5.0,22.0,27.0,12.5,5.75
2026-04-11T00:00:18.866000Z,93.7,123.8,12.0,7.0,5.0,22.0,27.0,12.5,5.75
2026-04-11T00:00:19.866000Z,93.7,123.8,12.0,7.0,5.0,22.0,27.0,12.5,5.75
2026-04-11T00:00:20.866000Z,93.7,123.8,12.0,7.0,5.0,22.0,27.0,12.5,5.75
2026-04-11T00:00:21.866000Z,93.7,123.8,12.0,7.0,5.0,22.0,27.0,12.5,5.75
2026-04-11T00:00:22.866000Z,93.7,123.8,12.0,7.0,5.0,22.0,27.0,12.5,5.75
2026-04-11T00:00:23.866000Z,93.7,123.8,12.0,7.0,5.0,22.0,27.0,12.5,5.75
2026-04-11T00:00:24.866000Z,93.7,123.8,12.0,7.0,5.0,22.0,27.0,12.5,5.75
2026-04-11T00:00:25.866000Z,93.7,123.8,12.0,7.0,5.0,22.0,27.0,12.5,5.75
2026-04-11T00:00:26.866000Z,93.7,123.8,12.0,7.0,5.0,22.0,27.0,12.5,5.75
2026-04-11T00:00:27.866000Z,93.7,123.8,12.0,7.0,5.0,22.0,27.0,12.5,5.75
2026-04-11T00:00:28.866000Z,93.7,123.8,12.0,7.0,5.0,22.0,27.0,12.5,5.75
2026-04-11T00:00:29.866000Z,93.7,123.8,12.0,7.0,5.0,22.0,27.0,12.5,5.75
2026-04-11T00:00:30.866000Z,93.7,123.8,12.0,7.0,5.0,22.0,27.0,12.5,5.75
2026-04-11T00:00:31.866000Z,93.7,123.8,12.0,7.0,5.0,22.0,27.0,12.5,5.75
2026-04-11T00:00:32.866000Z,93.7,123.8,12.0,7.0,5.0,22.0,27.0,12.5,5.75
2026-04-11T00:00:33.866000Z,93.7,123.8,12.0,7.0,5.0,22.0,27.0,12.5,5.75
2026-04-11T00:00:34.866000Z,93.7,123.8,12.0,7.0,5.0,22.0,27.0,12.5,5.75
2026-04-11T00:00:35.866000Z,93.7,123.8,12.0,7.0,5.0,22.0,27.0,12.5,5.75
2026-04-11T00:00:36.866000Z,93.7,123.8,12.0,7.0,5.0,22.0,27.0,12.5,5.75
2026-04-11T00:00:37.866000Z,93.7,123.8,12.0,7.0,5.0,22.0,27.0,12.5,5.75
2026-04-11T00:00:38.866000Z,93.7,123.8,12.0,7.0,5.0,22.0,27.0,12.5,5.75
2026-04-11T00:00:39.866000Z,93.7,123.8,12.0,7.0,5.0,22.0,27.0,12.5,5.75
2026-04-11T00:00:40.866000Z,93.7,123.8,12.0,7.0,5.0,22.0,27.0,12.5,5.75
2026-04-11T00:00:41.866000Z,93.7,123.8,12.0,7.0,5.0,22.0,27.0,12.5,5.75
2026-04-11T00:00:42.866000Z,93.7,123.8,12.0,7.0,5.0,22.0,27.0,12.5,5.75
2026-04-11T00:00:43.866000Z,93.7,123.8,12.0,7.0,5.0,22.0,27.0,12.5,5.75
2026-04-11T00:00:44.866000Z,93.7,123.8,12.0,7.0,5.0,22.0,27.0,12.5,5.75
2026-04-11T00:00:45.866000Z,93.7,123.8,12.0,7.0,5.0,22.0,27.0,12.5,5.75
2026-04-11T00:00:46.866000Z,93.7,123.8,12.0,7.0,5.0,22.0,27.0,12.5,5.75
2026-04-11T00:00:47.866000Z,93.7,123.8,12.0,7.0,5.0,22.0,27.0,12.5,5.75
2026-04-11T00:00:48.866000Z,93.7,123.8,12.0,7.0,5.0,22.0,27.0,12.5,5.75
2026-04-11T00:00:49.866000Z,93.7,123.8,12.0,7.0,5.0,22.0,27.0,12.5,5.75
2026-04-11T00:00:50.866000Z,93.7,123.8,12.0,7.0,5.0,22.0,27.0,12.5,5.75
2026-04-11T00:00:51.866000Z,93.7,123.8,12.0,7.0,5.0,22.0,27.0,12.5,5.75
2026-04-11T00:00:52.866000Z,93.7,123.8,12.0,7.0,5.0,22.0,27.0,12.5,5.75
2026-04-11T00:00:53.866000Z,93.7,123.8,12.0,7.0,5.0,22.0,27.0,12.5,5.75
2026-04-11T00:00:54.866000Z,93.7,123.8,12.0,7.0,5.0,22.0,27.0,12.5,5.75
2026-04-11T00:00:55.866000Z,93.7,123.8,12.0,7.0,5.0,22.0,27.0,12.5,5.75
2026-04-11T00:00:56.866000Z,93.7,123.8,12.0,7.0,5.0,22.0,27.0,12.5,5.75
2026-04-11T00:00:57.866000Z,93.7,123.8,12.0,7.0,5.0,22.0,27.0,12.5,5.75
2026-04-11T00:00:58.866000Z,93.7,123.8,12.0,7.0,5.0,22.0,27.0,12.5,5.75
2026-04-11T00:00:59.866000Z,93.7,123.8,12.0,7.0,5.0,22.0,27.0,12.5,5.75
2026-04-11T00:01:00.866000Z,93.7,123.8,12.0,7.0,5.0,22.0,27.0,12.5,5.75
2026-04-11T00:01:01.866000Z,93.7,123.8,12.0,7.0,5.0,22.0,27.0,12.5,5.75
2026-04-11T00:01:02.866000Z,93.7,123.8,12.0,7.0,5.0,22.0,27.0,12.5,5.75
2026-04-11T00:01:03.866000Z,93.7,123.8,12.0,7.0,5.0,22.0,27.0,12.5,5.75
2026-04-11T00:01:04.866000Z,93.7,123.8,12.0,7.0,5.0,22.0,27.0,12.5,5.75
2026-04-11T00:01:05.866000Z,93.7,123.8,12.0,7.0,5.0,22.0,27.0,12.5,5.75
2026-04-11T00:01:06.866000Z,93.7,123.8,12.0,7.0,5.0,22.0,27.0,12.5,5.75
2026-04-11T00:01:07.866000Z,93.7,123.8,12.0,7.0,5.0,22.0,27.0,12.5,5.75
2026-04-11T00:01:08.866000Z,93.7,123.8,12.0,7.0,5.0,22.0,27.0,12.5,5.75
2026-04-11T00:01:09.866000Z,93.7,123.8,12.0,7.0,5.0,22.0,27.0,12.5,5.75
2026-04-11T00:01:10.866000Z,93.7,123.8,12.0,7.0,5.0,22.0,27.0,12.5,5.75
2026-04-11T00:01:11.866000Z,93.7,123.8,12.0,7.0,5.0,22.0,27.0,12.5,5.75
2026-04-11T00:01:12.866000Z,93.7,123.8,12.0,7.0,5.0,22.0,27.0,12.5,5.75
2026-04-11T00:01:13.866000Z,93.7,123.8,12.0,7.0,5.0,22.0,27.0,12.5,5.75
2026-04-11T00:01:14.866000Z,93.7,123.8,12.0,7.0,5.0,22.0,27.0,12.5,5.75
2026-04-11T00:01:15.866000Z,93.7,123.8,12.0,7.0,5.0,22.0,27.0,12.5,5.75
2026-04-11T00:01:16.866000Z,93.7,123.8,12.0,7.0,5.0,22.0,27.0,12.5,5.75
2026-04-11T00:01:17.866000Z,93.7,123.8,12.0,7.0,5.0,22.0,27.0,12.5,5.75
2026-04-11T00:01:18.866000Z,93.7,123.8,12.0,7.0,5.0,22.0,27.0,12.5,5.75
2026-04-11T00:01:19.866000Z,93.7,123.8,12.0,7.0,5.0,22.0,27.0,12.5,5.75
2026-04-11T00:01:20.866000Z,93.7,123.8,12.0,7.0,5.0,22.0,27.0,12.5,5.75
2026-04-11T00:01:21.866000Z,93.7,123.8,12.0,7.0,5.0,22.0,27.0,12.5,5.75
2026-04-11T00:01:22.866000Z,93.7,123.8,12.0,7.0,5.0,22.0,27.0,12.5,5.75
2026-04-11T00:01:23.866000Z,93.7,123.8,12.0,7.0,5.0,22.0,27.0,12.5,5.75
2026-04-11T00:01:24.866000Z,93.7,123.8,12.0,7.0,5.0,22.0,27.0,12.5,5.75
2026-04-11T00:01:25.866000Z,93.7,123.8,12.0,7.0,5.0,22.0,27.0,12.5,5.75
2026-04-11T00:01:26.866000Z,93.7,123.8,12.0,7.0,5.0,22.0,27.0,12.5,5.75
2026-04-11T00:01:27.866000Z,93.7,123.8,12.0,7.0,5.0,22.0,27.0,12.5,5.75
2026-04-11T00:01:28.866000Z,93.7,123.8,12.0,7.0,5.0,22.0,27.0,12.5,5.75
2026-04-11T00:01:29.866000Z,93.7,123.8,12.0,7.0,5.0,22.0,27.0,12.5,5.75
2026-04-11T00:01:30.866000Z,93.7,123.8,12.0,7.0,5.0,22.0,27.0,12.5,5.75
2026-04-11T00:01:31.866000Z,93.7,123.8,12.0,7.0,5.0,22.0,27.0,12.5,5.75
2026-04-11T00:01:32.866000Z,93.7,123.8,12.0,7.0,5.0,22.0,27.0,12.5,5.75
2026-04-11T00:01:33.866000Z,93.7,123.8,12.0,7.0,5.0,22.0,27.0,12.5,5.75
2026-04-11T00:01:34.866000Z,93.7,123.8,12.0,7.0,5.0,22.0,27.0,12.5,5.75
2026-04-11T00:01:35.866000Z,93.7,123.8,12.0,7.0,5.0,22.0,27.0,12.5,5.75
2026-04-11T00:01:36.866000Z,93.7,123.8,12.0,7.0,5.0,22.0,27.0,12.5,5.75
2026-04-11T00:01:37.866000Z,93.7,123.8,12.0,7.0,5.0,22.0,27.0,12.5,5.75
2026-04-11T00:01:38.866000Z,93.7,123.8,12.0,7.0,5.0,22.0,27.0,12.5,5.75
2026-04-11T00:01:39.866000Z,93.7,123.8,12.0,7.0,5.0,22.0,27.0,12.5,5.75
2026-04-11T00:01:40.866000Z,93.7,123.8,12.0,7.0,5.0,22.0,27.0,12.5,5.75
2026-04-11T00:01:41.866000Z,93.7,123.8,12.0,7.0,5.0,22.0,27.0,12.5,5.75
2026-04-11T00:01:42.866000Z,93.7,123.8,12.0,7.0,5.0,22.0,27.0,12.5,5.75
2026-04-11T00:01:43.866000Z,93.7,123.8,12.0,7.0,5.0,22.0,27.0,12.5,5.75
2026-04-11T00:01:44.866000Z,93.7,123.8,12.0,7.0,5.0,22.0,27.0,12.5,5.75
2026-04-11T00:01:45.866000Z,93.7,123.8,12.0,7.0,5.0,22.0,27.0,12.5,5.75
2026-04-11T00:01:46.866000Z,93.7,123.8,12.0,7.0,5.0,22.0,27.0,12.5,5.75
2026-04-11T00:01:47.866000Z,93.7,123.8,12.0,7.0,5.0,22.0,27.0,12.5,5.75
2026-04-11T00:01:48.866000Z,93.7,123.8,12.0,7.0,5.0,22.0,27.0,12.5,5.75
2026-04-11T00:01:49.866000Z,93.7,123.8,12.0,7.0,5.0,22.0,27.0,12.5,5.75
2026-04-11T00:01:50.866000Z,93.7,123.8,12.0,7.0,5.0,22.0,27.0,12.5,5.75
2026-04-11T00:01:51.866000Z,93.7,123.8,12.0,7.0,5.0,22.0,27.0,12.5,5.75
2026-04-11T00:01:52.866000Z,93.7,123.8,12.0,7.0,5.0,22.0,27.0,12.5,5.75
2026-04-11T00:01:53.866000Z,93.7,123.8,12.0,7.0,5.0,22.0,27.0,12.5,5.75
2026-04-11T00:01:54.866000Z,93.7,123.8,12.0,7.0,5.0,22.0,27.0,12.5,5.75
2026-04-11T00:01:55.866000Z,93.7,123.8,12.0,7.0,5.0,22.0,27.0,12.5,5.75
2026-04-11T00:01:56.866000Z,93.7,123.8,12.0,7.0,5.0,22.0,27.0,12.5,5.75
2026-04-11T00:01:57.866000Z,93.7,123.8,12.0,7.0,5.0,22.0,27.0,12.5,5.75
2026-04-11T00:01:58.866000Z,93.7,123.8,12.0,7.0,5.0,22.0,27.0,12.5,5.75
2026-04-11T00:01:59.866000Z,93.7,123.8,12.0,7.0,5.0,22.0,27.0,12.5,5.75
2026-04-11T00:02:00.866000Z,93.7,123.8,12.0,7.0,5.0,22.0,27.0,12.5,5.75
2026-04-11T00:02:01.866000Z,93.7,123.8,12.0,7.0,5.0,22.0,27.0,12.5,5.75
2026-04-11T00:02:02.866000Z,93.7,123.8,12.0,7.0,5.0,22.0,27.0,12.5,5.75
2026-04-11T00:02:03.866000Z,93.7,123.8,12.0,7.0,5.0,22.0,27.0,12.5,5.75
2026-04-11T00:02:04.866000Z,93.7,123.8,12.0,7.0,5.0,22.0,27.0,12.5,5.75
2026-04-11T00:02:05.866000Z,93.7,123.8,12.0,7.0,5.0,22.0,27.0,12.5,5.75
2026-04-11T00:02:06.866000Z,93.7,123.8,12.0,7.0,5.0,22.0,27.0,12.5,5.75
2026-04-11T00:02:07.866000Z,93.7,123.8,12.0,7.0,5.0,22.0,27.0,12.5,5.75
2026-04-11T00:02:08.866000Z,93.7,123.8,12.0,7.0,5.0,22.0,27.0,12.5,5.75
2026-04-11T00:02:09.866000Z,93.7,123.8,12.0,7.0,5.0,22.0,27.0,12.5,5.75
2026-04-11T00:02:10.866000Z,93.7,123.8,12.0,7.0,5.0,22.0,27.0,12.5,5.75
2026-04-11T00:02:11.866000Z,93.7,123.8,12.0,7.0,5.0,22.0,27.0,12.5,5.75
2026-04-11T00:02:12.866000Z,93.7,123.8,12.0,7.0,5.0,22.0,27.0,12.5,5.75
2026-04-11T00:02:13.866000Z,93.7,123.8,12.0,7.0,5.0,22.0,27.0,12.5,5.75
2026-04-11T00:02:14.866000Z,93.7,123.8,12.0,7.0,5.0,22.0,27.0,12.5,5.75
2026-04-11T00:02:15.866000Z,93.7,123.8,12.0,7.0,5.0,22.0,27.0,12.5,5.75
2026-04-11T00:02:16.866000Z,93.7,123.8,12.0,7.0,5.0,22.0,27.0,12.5,5.75
2026-04-11T00:02:17.866000Z,93.7,123.8,12.0,7.0,5.0,22.0,27.0,12.5,5.75
2026-04-11T00:02:18.866000Z,93.7,123.8,12.0,7.0,5.0,22.0,27.0,12.5,5.75
2026-04-11T00:02:19.866000Z,93.7,123.8,12.0,7.0,5.0,22.0,27.0,12.5,5.75
2026-04-11T00:02:20.866000Z,93.7,123.8,12.0,7.0,5.0,22.0,27.0,12.5,5.75
2026-04-11T00:02:21.866000Z,93.7,123.8,12.0,7.0,5.0,22.0,27.0,12.5,5.75
2026-04-11T00:02:22.866000Z,93.7,123.8,12.0,7.0,5.0,22.0,27.0,12.5,5.75
2026-04-11T00:02:23.866000Z,93.7,123.8,12.0,7.0,5.0,22.0,27.0,12.5,5.75
2026-04-11T00:02:24.866000Z,93.7,123.8,12.0,7.0,5.0,22.0,27.0,12.5,5.75
2026-04-11T00:02:25.866000Z,93.7,123.8,12.0,7.0,5.0,22.0,27.0,12.5,5.75
2026-04-11T00:02:26.866000Z,93.7,123.8,12.0,7.0,5.0,22.0,27.0,12.5,5.75
2026-04-11T00:02:27.866000Z,93.7,123.8,12.0,7.0,5.0,22.0,27.0,12.5,5.75
2026-04-11T00:02:28.866000Z,93.7,123.8,12.0,7.0,5.0,22.0,27.0,12.5,5.75
2026-04-11T00:02:29.866000Z,93.7,123.8,12.0,7.0,5.0,22.0,27.0,12.5,5.75
2026-04-11T00:02:30.866000Z,93.7,123.8,12.0,7.0,5.0,22.0,27.0,12.5,5.75
2026-04-11T00:02:31.866000Z,93.7,123.8,12.0,7.0,5.0,22.0,27.0,12.5,5.75
2026-04-11T00:02:32.866000Z,93.7,123.8,12.0,7.0,5.0,22.0,27.0,12.5,5.75
2026-04-11T00:02:33.866000Z,93.7,123.8,12.0,7.0,5.0,22.0,27.0,12.5,5.75
2026-04-11T00:02:34.866000Z,93.7,123.8,12.0,7.0,5.0,22.0,27.0,12.5,5.75
2026-04-11T00:02:35.866000Z,93.7,123.8,12.0,7.0,5.0,22.0,27.0,12.5,5.75
2026-04-11T00:02:36.866000Z,93.7,123.8,12.0,7.0,5.0,22.0,27.0,12.5,5.75
2026-04-11T00:02:37.866000Z,93.7,123.8,12.0,7.0,5.0,22.0,27.0,12.5,5.75
2026-04-11T00:02:38.866000Z,93.7,123.8,12.0,7.0,5.0,22.0,27.0,12.5,5.75
2026-04-11T00:02:39.866000Z,93.7,123.8,12.0,7.0,5.0,22.0,27.0,12.5,5.75
2026-04-11T00:02:40.866000Z,93.7,123.8,12.0,7.0,5.0,22.0,27.0,12.5,5.75
2026-04-11T00:02:41.866000Z,93.7,123.8,12.0,7.0,5.0,22.0,27.0,12.5,5.75
2026-04-11T00:02:42.866000Z,93.7,123.8,12.0,7.0,5.0,22.0,27.0,12.5,5.75
2026-04-11T00:02:43.866000Z,93.7,123.8,12.0,7.0,5.0,22.0,27.0,12.5,5.75
2026-04-11T00:02:44.866000Z,93.7,123.8,12.0,7.0,5.0,22.0,27.0,12.5,5.75
2026-04-11T00:02:45.866000Z,93.7,123.8,12.0,7.0,5.0,22.0,27.0,12.5,5.75
2026-04-11T00:02:46.866000Z,93.7,123.8,12.0,7.0,5.0,22.0,27.0,12.5,5.75
2026-04-11T00:02:47.866000Z,93.7,123.8,12.0,7.0,5.0,22.0,27.0,12.5,5.75
2026-04-11T00:02:48.866000Z,93.7,123.8,12.0,7.0,5.0,22.0,27.0,12.5,5.75
2026-04-11T00:02:49.866000Z,93.7,123.8,12.0,7.0,5.0,22.0,27.0,12.5,5.75
2026-04-11T00:02:50.866000Z,93.7,123.8,12.0,7.0,5.0,22.0,27.0,12.5,5.75
2026-04-11T00:02:51.866000Z,93.7,123.8,12.0,7.0,5.0,22.0,27.0,12.5,5.75
2026-04-11T00:02:52.866000Z,93.7,123.8,12.0,7.0,5.0,22.0,27.0,12.5,5.75
2026-04-11T00:02:53.866000Z,93.7,123.8,12.0,7.0,5.0,22.0,27.0,12.5,5.75
2026-04-11T00:02:54.866000Z,93.7,123.8,12.0,7.0,5.0,22.0,27.0,12.5,5.75
2026-04-11T00:02:55.866000Z,93.7,123.8,12.0,7.0,5.0,22.0,27.0,12.5,5.75
2026-04-11T00:02:56.866000Z,93.7,123.8,12.0,7.0,5.0,22.0,27.0,12.5,5.75
2026-04-11T00:02:57.866000Z,93.7,123.8,12.0,7.0,5.0,22.0,27.0,12.5,5.75
2026-04-11T00:02:58.866000Z,93.7,123.8,12.0,7.0,5.0,22.0,27.0,12.5,5.75
2026-04-11T00:02:59.866000Z,93.7,123.8,12.0,7.0,5.0,22.0,27.0,12.5,5.75
2026-04-11T00:03:00.866000Z,93.7,123.8,12.0,7.0,5.0,22.0,27.0,12.5,5.75
2026-04-11T00:03:01.866000Z,93.7,123.8,12.0,7.0,5.0,22.0,27.0,12.5,5.75
2026-04-11T00:03:02.866000Z,93.7,123.8,12.0,7.0,5.0,22.0,27.0,12.5,5.75
2026-04-11T00:03:03.866000Z,93.7,123.8,12.0,7.0,5.0,22.0,27.0,12.5,5.75
2026-04-11T00:03:04.866000Z,93.7,123.8,12.0,7.0,5.0,22.0,27.0,12.5,5.75
2026-04-11T00:03:05.866000Z,93.7,123.8,12.0,7.0,5.0,22.0,27.0,12.5,5.75
2026-04-11T00:03:06.866000Z,93.7,123.8,12.0,7.0,5.0,22.0,27.0,12.5,5.75
2026-04-11T00:03:07.866000Z,93.7,123.8,12.0,7.0,5.0,22.0,27.0,12.5,5.75
2026-04-11T00:03:08.866000Z,93.7,123.8,12.0,7.0,5.0,22.0,27.0,12.5,5.75
2026-04-11T00:03:09.866000Z,93.7,123.8,12.0,7.0,5.0,22.0,27.0,12.5,5.75
2026-04-11T00:03:10.866000Z,93.7,123.8,12.0,7.0,5.0,22.0,27.0,12.5,5.75
2026-04-11T00:03:11.866000Z,93.7,123.8,12.0,7.0,5.0,22.0,27.0,12.5,5.75
2026-04-11T00:03:12.866000Z,93.7,123.8,12.0,7.0,5.0,22.0,27.0,12.5,5.75
2026-04-11T00:03:13.866000Z,93.7,123.8,12.0,7.0,5.0,22.0,27.0,12.5,5.75
2026-04-11T00:03:14.866000Z,93.7,123.8,12.0,7.0,5.0,22.0,27.0,12.5,5.75
2026-04-11T00:03:15.866000Z,93.7,123.8,12.0,7.0,5.0,22.0,27.0,12.5,5.75
2026-04-11T00:03:16.866000Z,93.7,123.8,12.0,7.0,5.0,22.0,27.0,12.5,5.75
2026-04-11T00:03:17.866000Z,93.7,123.8,12.0,7.0,5.0,22.0,27.0,12.5,5.75
2026-04-11T00:03:18.866000Z,93.7,123.8,12.0,7.0,5.0,22.0,27.0,12.5,5.75
2026-04-11T00:03:19.866000Z,93.7,123.8,12.0,7.0,5.0,22.0,27.0,12.5,5.75
2026-04-11T00:03:20.866000Z,93.7,123.8,12.0,7.0,5.0,22.0,27.0,12.5,5.75
2026-04-11T00:03:21.866000Z,93.7,123.8,12.0,7.0,5.0,22.0,27.0,12.5,5.75
2026-04-11T00:03:22.866000Z,93.7,123.8,12.0,7.0,5.0,22.0,27.0,12.5,5.75
2026-04-11T00:03:23.866000Z,93.7,123.8,12.0,7.0,5.0,22.0,27.0,12.5,5.75
2026-04-11T00:03:24.866000Z,93.7,123.8,12.0,7.0,5.0,22.0,27.0,12.5,5.75
2026-04-11T00:03:25.866000Z,93.7,123.8,12.0,7.0,5.0,22.0,27.0,12.5,5.75
2026-04-11T00:03:26.866000Z,93.7,123.8,12.0,7.0,5.0,22.0,27.0,12.5,5.75
2026-04-11T00:03:27.866000Z,93.7,123.8,12.0,7.0,5.0,22.0,27.0,12.5,5.75
2026-04-11T00:03:28.866000Z,93.7,123.8,12.0,7.0,5.0,22.0,27.0,12.5,5.75
2026-04-11T00:03:29.866000Z,93.7,123.8,12.0,7.0,5.0,22.0,27.0,12.5,5.75
2026-04-11T00:03:30.866000Z,93.7,123.8,12.0,7.0,5.0,22.0,27.0,12.5,5.75
2026-04-11T00:03:31.866000Z,93.7,123.8,12.0,7.0,5.0,22.0,27.0,12.5,5.75
2026-04-11T00:03:32.866000Z,93.7,123.8,12.0,7.0,5.0,22.0,27.0,12.5,5.75
2026-04-11T00:03:33.866000Z,93.7,123.8,12.0,7.0,5.0,22.0,27.0,12.5,5.75
2026-04-11T00:03:34.866000Z,93.7,123.8,12.0,7.0,5.0,22.0,27.0,12.5,5.75
2026-04-11T00:03:35.866000Z,93.7,123.8,12.0,7.0,5.0,22.0,27.0,12.5,5.75
2026-04-11T00:03:36.866000Z,93.7,123.8,12.0,7.0,5.0,22.0,27.0,12.5,5.75
2026-04-11T00:03:37.866000Z,93.7,123.8,12.0,7.0,5.0,22.0,27.0,12.5,5.75
2026-04-11T00:03:38.866000Z,93.7,123.8,12.0,7.0,5.0,22.0,27.0,12.5,5.75
2026-04-11T00:03:39.866000Z,93.7,123.8,12.0,7.0,5.0,22.0,27.0,12.5,5.75
2026-04-11T00:03:40.866000Z,93.7,123.8,12.0,7.0,5.0,22.0,27.0,12.5,5.75
2026-04-11T00:03:41.866000Z,93.7,123.8,12.0,7.0,5.0,22.0,27.0,12.5,5.75
2026-04-11T00:03:42.866000Z,93.7,123.8,12.0,7.0,5.0,22.0,27.0,12.5,5.75
2026-04-11T00:03:43.866000Z,93.7,123.8,12.0,7.0,5.0,22.0,27.0,12.5,5.75
2026-04-11T00:03:44.866000Z,93.7,123.8,12.0,7.0,5.0,22.0,27.0,12.5,5.75
2026-04-11T00:03:45.866000Z,93.7,123.8,12.0,7.0,5.0,22.0,27.0,12.5,5.75
2026-04-11T00:03:46.866000Z,93.7,123.8,12.0,7.0,5.0,22.0,27.0,12.5,5.75
2026-04-11T00:03:47.866000Z,93.7,123.8,12.0,7.0,5.0,22.0,27.0,12.5,5.75
2026-04-11T00:03:48.866000Z,93.7,123.8,12.0,7.0,5.0,22.0,27.0,12.5,5.75
2026-04-11T00:03:49.866000Z,93.7,123.8,12.0,7.0,5.0,22.0,27.0,12.5,5.75
2026-04-11T00:03:50.866000Z,93.7,123.8,12.0,7.0,5.0,22.0,27.0,12.5,5.75
2026-04-11T00:03:51.866000Z,93.7,123.8,12.0,7.0,5.0,22.0,27.0,12.5,5.75
2026-04-11T00:03:52.866000Z,93.7,123.8,12.0,7.0,5.0,22.0,27.0,12.5,5.75
2026-04-11T00:03:53.866000Z,93.7,123.8,12.0,7.0,5.0,22.0,27.0,12.5,5.75
2026-04-11T00:03:54.866000Z,93.7,123.8,12.0,7.0,5.0,22.0,27.0,12.5,5.75
2026-04-11T00:03:55.866000Z,93.7,123.8,12.0,7.0,5.0,22.0,27.0,12.5,5.75
2026-04-11T00:03:56.866000Z,93.7,123.8,12.0,7.0,5.0,22.0,27.0,12.5,5.75
2026-04-11T00:03:57.866000Z,93.7,123.8,12.0,7.0,5.0,22.0,27.0,12.5,5.75
2026-04-11T00:03:58.866000Z,93.7,123.8,12.0,7.0,5.0,22.0,27.0,12.5,5.75
2026-04-11T00:03:59.866000Z,93.7,123.8,12.0,7.0,5.0,22.0,27.0,12.5,5.75
2026-04-11T00:04:00.866000Z,93.7,123.8,12.0,7.0,5.0,22.0,27.0,12.5,5.75
2026-04-11T00:04:01.866000Z,93.7,123.8,12.0,7.0,5.0,22.0,27.0,12.5,5.75
2026-04-11T00:04:02.866000Z,93.7,123.8,12.0,7.0,5.0,22.0,27.0,12.5,5.75
2026-04-11T00:04:03.866000Z,93.7,123.8,12.0,7.0,5.0,22.0,27.0,12.5,5.75
2026-04-11T00:04:04.866000Z,93.7,123.8,12.0,7.0,5.0,22.0,27.0,12.5,5.75
2026-04-11T00:04:05.866000Z,93.7,123.8,12.0,7.0,5.0,22.0,27.0,12.5,5.75
2026-04-11T00:04:06.866000Z,93.7,123.8,12.0,7.0,5.0,22.0,27.0,12.5,5.75
2026-04-11T00:04:07.866000Z,93.7,123.8,12.0,7.0,5.0,22.0,27.0,12.5,5.75
2026-04-11T00:04:08.866000Z,93.7,123.8,12.0,7.0,5.0,22.0,27.0,12.5,5.75
2026-04-11T00:04:09.866000Z,93.7,123.8,12.0,7.0,5.0,22.0,27.0,12.5,5.75
2026-04-11T00:04:10.866000Z,93.7,123.8,12.0,7.0,5.0,22.0,27.0,12.5,5.75
2026-04-11T00:04:11.866000Z,93.7,123.8,12.0,7.0,5.0,22.0,27.0,12.5,5.75
2026-04-11T00:04:12.866000Z,93.7,123.8,12.0,7.0,5.0,22.0,27.0,12.5,5.75
2026-04-11T00:04:13.866000Z,93.7,123.8,12.0,7.0,5.0,22.0,27.0,12.5,5.75
2026-04-11T00:04:14.866000Z,93.7,123.8,12.0,7.0,5.0,22.0,27.0,12.5,5.75
2026-04-11T00:04:15.866000Z,93.7,123.8,12.0,7.0,5.0,22.0,27.0,12.5,5.75
2026-04-11T00:04:16.866000Z,93.7,123.8,12.0,7.0,5.0,22.0,27.0,12.5,5.75
2026-04-11T00:04:17.866000Z,93.7,123.8,12.0,7.0,5.0,22.0,27.0,12.5,5.75
2026-04-11T00:04:18.866000Z,93.7,123.8,12.0,7.0,5.0,22.0,27.0,12.5,5.75
2026-04-11T00:04:19.866000Z,93.7,123.8,12.0,7.0,5.0,22.0,27.0,12.5,5.75
2026-04-11T00:04:20.866000Z,93.7,123.8,12.0,7.0,5.0,22.0,27.0,12.5,5.75
2026-04-11T00:04:21.866000Z,93.7,123.8,12.0,7.0,5.0,22.0,27.0,12.5,5.75
2026-04-11T00:04:22.866000Z,93.7,123.8,12.0,7.0,5.0,22.0,27.0,12.5,5.75
2026-04-11T00:04:23.866000Z,93.7,123.8,12.0,7.0,5.0,22.0,27.0,12.5,5.75
2026-04-11T00:04:24.866000Z,93.7,123.8,12.0,7.0,5.0,22.0,27.0,12.5,5.75
2026-04-11T00:04:25.866000Z,93.7,123.8,12.0,7.0,5.0,22.0,27.0,12.5,5.75
2026-04-11T00:04:26.866000Z,93.7,123.8,12.0,7.0,5.0,22.0,27.0,12.5,5.75
2026-04-11T00:04:27.866000Z,93.7,123.8,12.0,7.0,5.0,22.0,27.0,12.5,5.75
2026-04-11T00:04:28.866000Z,93.7,123.8,12.0,7.0,5.0,22.0,27.0,12.5,5.75
2026-04-11T00:04:29.866000Z,93.7,123.8,12.0,7.0,5.0,22.0,27.0,12.5,5.75
2026-04-11T00:04:30.866000Z,93.7,123.8,12.0,7.0,5.0,22.0,27.0,12.5,5.75
2026-04-11T00:04:31.866000Z,93.7,123.8,12.0,7.0,5.0,22.0,27.0,12.5,5.75
2026-04-11T00:04:32.866000Z,93.7,123.8,12.0,7.0,5.0,22.0,27.0,12.5,5.75
2026-04-11T00:04:33.866000Z,93.7,123.8,12.0,7.0,5.0,22.0,27.0,12.5,5.75
2026-04-11T00:04:34.866000Z,93.7,123.8,12.0,7.0,5.0,22.0,27.0,12.5,5.75
2026-04-11T00:04:35.866000Z,93.7,123.8,12.0,7.0,5.0,22.0,27.0,12.5,5.75
2026-04-11T00:04:36.866000Z,93.7,123.8,12.0,7.0,5.0,22.0,27.0,12.5,5.75
2026-04-11T00:04:37.866000Z,93.7,123.8,12.0,7.0,5.0,22.0,27.0,12.5,5.75
2026-04-11T00:04:38.866000Z,93.7,123.8,12.0,7.0,5.0,22.0,27.0,12.5,5.75
2026-04-11T00:04:39.866000Z,93.7,123.8,12.0,7.0,5.0,22.0,27.0,12.5,5.75
2026-04-11T00:04:40.866000Z,93.7,123.8,12.0,7.0,5.0,22.0,27.0,12.5,5.75
2026-04-11T00:04:41.866000Z,93.7,123.8,12.0,7.0,5.0,22.0,27.0,12.5,5.75
2026-04-11T00:04:42.866000Z,93.7,123.8,12.0,7.0,5.0,22.0,27.0,12.5,5.75
2026-04-11T00:04:43.866000Z,93.7,123.8,12.0,7.0,5.0,22.0,27.0,12.5,5.75
2026-04-11T00:04:44.866000Z,93.7,123.8,12.0,7.0,5.0,22.0,27.0,12.5,5.75
2026-04-11T00:04:45.866000Z,93.7,123.8,12.0,7.0,5.0,22.0,27.0,12.5,5.75
2026-04-11T00:04:46.866000Z,93.7,123.8,12.0,7.0,5.0,22.0,27.0,12.5,5.75
2026-04-11T00:04:47.866000Z,93.7,123.8,12.0,7.0,5.0,22.0,27.0,12.5,5.75
2026-04-11T00:04:48.866000Z,93.7,123.8,12.0,7.0,5.0,22.0,27.0,12.5,5.75
2026-04-11T00:04:49.866000Z,93.7,123.8,12.0,7.0,5.0,22.0,27.0,12.5,5.75
2026-04-11T00:04:50.866000Z,93.7,123.8,12.0,7.0,5.0,22.0,27.0,12.5,5.75
2026-04-11T00:04:51.866000Z,93.7,123.8,12.0,7.0,5.0,22.0,27.0,12.5,5.75
2026-04-11T00:04:52.866000Z,93.7,123.8,12.0,7.0,5.0,22.0,27.0,12.5,5.75
2026-04-11T00:04:53.866000Z,93.7,123.8,12.0,7.0,5.0,22.0,27.0,12.5,5.75
2026-04-11T00:04:54.866000Z,93.7,123.8,12.0,7.0,5.0,22.0,27.0,12.5,5.75
2026-04-11T00:04:55.866000Z,93.7,123.8,12.0,7.0,5.0,22.0,27.0,12.5,5.75
2026-04-11T00:04:56.866000Z,93.7,123.8,12.0,7.0,5.0,22.0,27.0,12.5,5.75
2026-04-11T00:04:57.866000Z,93.7,123.8,12.0,7.0,5.0,22.0,27.0,12.5,5.75
2026-04-11T00:04:58.866000Z,93.7,123.8,12.0,7.0,5.0,22.0,27.0,12.5,5.75
2026-04-11T00:04:59.866000Z,93.7,123.8,12.0,7.0,5.0,22.0,27.0,12.5,5.75
2026-04-11T00:05:00.866000Z,93.7,123.8,12.0,7.0,5.0,22.0,27.0,12.5,5.75
2026-04-11T00:05:01.866000Z,93.7,123.8,12.0,7.0,5.0,22.0,27.0,12.5,5.75
2026-04-11T00:05:02.866000Z,93.7,123.8,12.0,7.0,5.0,22.0,27.0,12.5,5.75
2026-04-11T00:05:03.866000Z,93.7,123.8,12.0,7.0,5.0,22.0,27.0,12.5,5.75
2026-04-11T00:05:04.866000Z,93.7,123.8,12.0,7.0,5.0,22.0,27.0,12.5,5.75
2026-04-11T00:05:05.866000Z,93.7,123.8,12.0,7.0,5.0,22.0,27.0,12.5,5.75
2026-04-11T00:05:06.866000Z,93.7,123.8,12.0,7.0,5.0,22.0,27.0,12.5,5.75
2026-04-11T00:05:07.866000Z,93.7,123.8,12.0,7.0,5.0,22.0,27.0,12.5,5.75
2026-04-11T00:05:08.866000Z,93.7,123.8,12.0,7.0,5.0,22.0,27.0,12.5,5.75
2026-04-11T00:05:09.866000Z,93.7,123.8,12.0,7.0,5.0,22.0,27.0,12.5,5.75
2026-04-11T00:05:10.866000Z,93.7,123.8,12.0,7.0,5.0,22.0,27.0,12.5,5.75
2026-04-11T00:05:11.866000Z,93.7,123.8,12.0,7.0,5.0,22.0,27.0,12.5,5.75
2026-04-11T00:05:12.866000Z,93.7,123.8,12.0,7.0,5.0,22.0,27.0,12.5,5.75
2026-04-11T00:05:13.866000Z,93.7,123.8,12.0,7.0,5.0,22.0,27.0,12.5,5.75
2026-04-11T00:05:14.866000Z,93.7,123.8,12.0,7.0,5.0,22.0,27.0,12.5,5.75
2026-04-11T00:05:15.866000Z,93.7,123.8,12.0,7.0,5.0,22.0,27.0,12.5,5.75
2026-04-11T00:05:16.866000Z,93.7,123.8,12.0,7.0,5.0,22.0,27.0,12.5,5.75
2026-04-11T00:05:17.866000Z,93.7,123.8,12.0,7.0,5.0,22.0,27.0,12.5,5.75
2026-04-11T00:05:18.866000Z,93.7,123.8,12.0,7.0,5.0,22.0,27.0,12.5,5.75
2026-04-11T00:05:19.866000Z,93.7,123.8,12.0,7.0,5.0,22.0,27.0,12.5,5.75
2026-04-11T00:05:20.866000Z,93.7,123.8,12.0,7.0,5.0,22.0,27.0,12.5,5.75
2026-04-11T00:05:21.866000Z,93.7,123.8,12.0,7.0,5.0,22.0,27.0,12.5,5.75
2026-04-11T00:05:22.866000Z,93.7,123.8,12.0,7.0,5.0,22.0,27.0,12.5,5.75
2026-04-11T00:05:23.866000Z,93.7,123.8,12.0,7.0,5.0,22.0,27.0,12.5,5.75
2026-04-11T00:05:24.866000Z,93.7,123.8,12.0,7.0,5.0,22.0,27.0,12.5,5.75
2026-04-11T00:05:25.866000Z,93.7,123.8,12.0,7.0,5.0,22.0,27.0,12.5,5.75
2026-04-11T00:05:26.866000Z,93.7,123.8,12.0,7.0,5.0,22.0,27.0,12.5,5.75
2026-04-11T00:05:27.866000Z,93.7,123.8,12.0,7.0,5.0,22.0,27.0,12.5,5.75
2026-04-11T00:05:28.866000Z,93.7,123.8,12.0,7.0,5.0,22.0,27.0,12.5,5.75
2026-04-11T00:05:29.866000Z,93.7,123.8,12.0,7.0,5.0,22.0,27.0,12.5,5.75
2026-04-11T00:05:30.866000Z,93.7,123.8,12.0,7.0,5.0,22.0,27.0,12.5,5.75
2026-04-11T00:05:31.866000Z,93.7,123.8,12.0,7.0,5.0,22.0,27.0,12.5,5.75
2026-04-11T00:05:32.866000Z,93.7,123.8,12.0,7.0,5.0,22.0,27.0,12.5,5.75
2026-04-11T00:05:33.866000Z,93.7,123.8,12.0,7.0,5.0,22.0,27.0,12.5,5.75
2026-04-11T00:05:34.866000Z,93.7,123.8,12.0,7.0,5.0,22.0,27.0,12.5,5.75
2026-04-11T00:05:35.866000Z,93.7,123.8,12.0,7.0,5.0,22.0,27.0,12.5,5.75
2026-04-11T00:05:36.866000Z,93.7,123.8,12.0,7.0,5.0,22.0,27.0,12.5,5.75
2026-04-11T00:05:37.866000Z,93.7,123.8,12.0,7.0,5.0,22.0,27.0,12.5,5.75
2026-04-11T00:05:38.866000Z,93.7,123.8,12.0,7.0,5.0,22.0,27.0,12.5,5.75
2026-04-11T00:05:39.866000Z,93.7,123.8,12.0,7.0,5.0,22.0,27.0,12.5,5.75
2026-04-11T00:05:40.866000Z,93.7,123.8,12.0,7.0,5.0,22.0,27.0,12.5,5.75
2026-04-11T00:05:41.866000Z,93.7,123.8,12.0,7.0,5.0,22.0,27.0,12.5,5.75
2026-04-11T00:05:42.866000Z,93.7,123.8,12.0,7.0,5.0,22.0,27.0,12.5,5.75
2026-04-11T00:05:43.866000Z,93.7,123.8,12.0,7.0,5.0,22.0,27.0,12.5,5.75
2026-04-11T00:05:44.866000Z,93.7,123.8,12.0,7.0,5.0,22.0,27.0,12.5,5.75
2026-04-11T00:05:45.866000Z,93.7,123.8,12.0,7.0,5.0,22.0,27.0,12.5,5.75
2026-04-11T00:05:46.866000Z,93.7,123.8,12.0,7.0,5.0,22.0,27.0,12.5,5.75
2026-04-11T00:05:47.866000Z,93.7,123.8,12.0,7.0,5.0,22.0,27.0,12.5,5.75
2026-04-11T00:05:48.866000Z,93.7,123.8,12.0,7.0,5.0,22.0,27.0,12.5,5.75
2026-04-11T00:05:49.866000Z,93.7,123.8,12.0,7.0,5.0,22.0,27.0,12.5,5.75
2026-04-11T00:05:50.866000Z,93.7,123.8,12.0,7.0,5.0,22.0,27.0,12.5,5.75
2026-04-11T00:05:51.866000Z,93.7,123.8,12.0,7.0,5.0,22.0,27.0,12.5,5.75
2026-04-11T00:05:52.866000Z,93.7,123.8,12.0,7.0,5.0,22.0,27.0,12.5,5.75
2026-04-11T00:05:53.866000Z,93.7,123.8,12.0,7.0,5.0,22.0,27.0,12.5,5.75
2026-04-11T00:05:54.866000Z,93.7,123.8,12.0,7.0,5.0,22.0,27.0,12.5,5.75
2026-04-11T00:05:55.866000Z,93.7,123.8,12.0,7.0,5.0,22.0,27.0,12.5,5.75
2026-04-11T00:05:56.866000Z,93.7,123.8,12.0,7.0,5.0,22.0,27.0,12.5,5.75
2026-04-11T00:05:57.866000Z,93.7,123.8,12.0,7.0,5.0,22.0,27.0,12.5,5.75
2026-04-11T00:05:58.866000Z,93.7,123.8,12.0,7.0,5.0,22.0,27.0,12.5,5.75
2026-04-11T00:05:59.866000Z,93.7,123.8,12.0,7.0,5.0,22.0,27.0,12.5,5.75
2026-04-11T00:06:00.866000Z,93.7,123.8,12.0,7.0,5.0,22.0,27.0,12.5,5.75
2026-04-11T00:06:01.866000Z,93.7,123.8,12.0,7.0,5.0,22.0,27.0,12.5,5.75
2026-04-11T00:06:02.866000Z,93.7,123.8,12.0,7.0,5.0,22.0,27.0,12.5,5.75
2026-04-11T00:06:03.866000Z,93.7,123.8,12.0,7.0,5.0,22.0,27.0,12.5,5.75
2026-04-11T00:06:04.866000Z,93.7,123.8,12.0,7.0,5.0,22.0,27.0,12.5,5.75
2026-04-11T00:06:05.866000Z,93.7,123.8,12.0,7.0,5.0,22.0,27.0,12.5,5.75
2026-04-11T00:06:06.866000Z,93.7,123.8,12.0,7.0,5.0,22.0,27.0,12.5,5.75
2026-04-11T00:06:07.866000Z,93.7,123.8,12.0,7.0,5.0,22.0,27.0,12.5,5.75
2026-04-11T00:06:08.866000Z,93.7,123.8,12.0,7.0,5.0,22.0,27.0,12.5,5.75
2026-04-11T00:06:09.866000Z,93.7,123.8,12.0,7.0,5.0,22.0,27.0,12.5,5.75
2026-04-11T00:06:10.866000Z,93.7,123.8,12.0,7.0,5.0,22.0,27.0,12.5,5.75
2026-04-11T00:06:11.866000Z,93.7,123.8,12.0,7.0,5.0,22.0,27.0,12.5,5.75
2026-04-11T00:06:12.866000Z,93.7,123.8,12.0,7.0,5.0,22.0,27.0,12.5,5.75
2026-04-11T00:06:13.866000Z,93.7,123.8,12.0,7.0,5.0,22.0,27.0,12.5,5.75
2026-04-11T00:06:14.866000Z,93.7,123.8,12.0,7.0,5.0,22.0,27.0,12.5,5.75
2026-04-11T00:06:15.866000Z,93.7,123.8,12.0,7.0,5.0,22.0,27.0,12.5,5.75
2026-04-11T00:06:16.866000Z,93.7,123.8,12.0,7.0,5.0,22.0,27.0,12.5,5.75
2026-04-11T00:06:17.866000Z,93.7,123.8,12.0,7.0,5.0,22.0,27.0,12.5,5.75
2026-04-11T00:06:18.866000Z,93.7,123.8,12.0,7.0,5.0,22.0,27.0,12.5,5.75
2026-04-11T00:06:19.866000Z,93.7,123.8,12.0,7.0,5.0,22.0,27.0,12.5,5.75
2026-04-11T00:06:20.866000Z,93.7,123.8,12.0,7.0,5.0,22.0,27.0,12.5,5.75
2026-04-11T00:06:21.866000Z,93.7,123.8,12.0,7.0,5.0,22.0,27.0,12.5,5.75
2026-04-11T00:06:22.866000Z,93.7,123.8,12.0,7.0,5.0,22.0,27.0,12.5,5.75
2026-04-11T00:06:23.866000Z,93.7,123.8,12.0,7.0,5.0,22.0,27.0,12.5,5.75
2026-04-11T00:06:24.866000Z,93.7,123.8,12.0,7.0,5.0,22.0,27.0,12.5,5.75
2026-04-11T00:06:25.866000Z,93.7,123.8,12.0,7.0,5.0,22.0,27.0,12.5,5.75
2026-04-11T00:06:26.866000Z,93.7,123.8,12.0,7.0,5.0,22.0,27.0,12.5,5.75
2026-04-11T00:06:27.866000Z,93.7,123.8,12.0,7.0,5.0,22.0,27.0,12.5,5.75
2026-04-11T00:06:28.866000Z,93.7,123.8,12.0,7.0,5.0,22.0,27.0,12.5,5.75
2026-04-11T00:06:29.866000Z,93.7,123.8,12.0,7.0,5.0,22.0,27.0,12.5,5.75
2026-04-11T00:06:30.866000Z,93.7,123.8,12.0,7.0,5.0,22.0,27.0,12.5,5.75
2026-04-11T00:06:31.866000Z,93.7,123.8,12.0,7.0,5.0,22.0,27.0,12.5,5.75
2026-04-11T00:06:32.866000Z,93.7,123.8,12.0,7.0,5.0,22.0,27.0,12.5,5.75
2026-04-11T00:06:33.866000Z,93.7,123.8,12.0,7.0,5.0,22.0,27.0,12.5,5.75
2026-04-11T00:06:34.866000Z,93.7,123.8,12.0,7.0,5.0,22.0,27.0,12.5,5.75
2026-04-11T00:06:35.866000Z,93.7,123.8,12.0,7.0,5.0,22.0,27.0,12.5,5.75
2026-04-11T00:06:36.866000Z,93.7,123.8,12.0,7.0,5.0,22.0,27.0,12.5,5.75
2026-04-11T00:06:37.866000Z,93.7,123.8,12.0,7.0,5.0,22.0,27.0,12.5,5.75
2026-04-11T00:06:38.866000Z,93.7,123.8,12.0,7.0,5.0,22.0,27.0,12.5,5.75
2026-04-11T00:06:39.866000Z,93.7,123.8,12.0,7.0,5.0,22.0,27.0,12.5,5.75
2026-04-11T00:06:40.866000Z,93.7,123.8,12.0,7.0,5.0,22.0,27.0,12.5,5.75
2026-04-11T00:06:41.866000Z,93.7,123.8,12.0,7.0,5.0,22.0,27.0,12.5,5.75
2026-04-11T00:06:42.866000Z,93.7,123.8,12.0,7.0,5.0,22.0,27.0,12.5,5.75
2026-04-11T00:06:43.866000Z,93.7,123.8,12.0,7.0,5.0,22.0,27.0,12.5,5.75
2026-04-11T00:06:44.866000Z,93.7,123.8,12.0,7.0,5.0,22.0,27.0,12.5,5.75
2026-04-11T00:06:45.866000Z,93.7,123.8,12.0,7.0,5.0,22.0,27.0,12.5,5.75
2026-04-11T00:06:46.866000Z,93.7,123.8,12.0,7.0,5.0,22.0,27.0,12.5,5.75
2026-04-11T00:06:47.866000Z,93.7,123.8,12.0,7.0,5.0,22.0,27.0,12.5,5.75
2026-04-11T00:06:48.866000Z,93.7,123.8,12.0,7.0,5.0,22.0,27.0,12.5,5.75
2026-04-11T00:06:49.866000Z,93.7,123.8,12.0,7.0,5.0,22.0,27.0,12.5,5.75
2026-04-11T00:06:50.866000Z,93.7,123.8,12.0,7.0,5.0,22.0,27.0,12.5,5.75
2026-04-11T00:06:51.866000Z,93.7,123.8,12.0,7.0,5.0,22.0,27.0,12.5,5.75
2026-04-11T00:06:52.866000Z,93.7,123.8,12.0,7.0,5.0,22.0,27.0,12.5,5.75
2026-04-11T00:06:53.866000Z,93.7,123.8,12.0,7.0,5.0,22.0,27.0,12.5,5.75
2026-04-11T00:06:54.866000Z,93.7,123.8,12.0,7.0,5.0,22.0,27.0,12.5,5.75
2026-04-11T00:06:55.866000Z,93.7,123.8,12.0,7.0,5.0,22.0,27.0,12.5,5.75
2026-04-11T00:06:56.866000Z,93.7,123.8,12.0,7.0,5.0,22.0,27.0,12.5,5.75
2026-04-11T00:06:57.866000Z,93.7,123.8,12.0,7.0,5.0,22.0,27.0,12.5,5.75
2026-04-11T00:06:58.866000Z,93.7,123.8,12.0,7.0,5.0,22.0,27.0,12.5,5.75
2026-04-11T00:06:59.866000Z,93.7,123.8,12.0,7.0,5.0,22.0,27.0,12.5,5.75
2026-04-11T00:07:00.866000Z,93.7,123.8,12.0,7.0,5.0,22.0,27.0,12.5,5.75
2026-04-11T00:07:01.866000Z,93.7,123.8,12.0,7.0,5.0,22.0,27.0,12.5,5.75
2026-04-11T00:07:02.866000Z,93.7,123.8,12.0,7.0,5.0,22.0,27.0,12.5,5.75
2026-04-11T00:07:03.866000Z,93.7,123.8,12.0,7.0,5.0,22.0,27.0,12.5,5.75
2026-04-11T00:07:04.866000Z,93.7,123.8,12.0,7.0,5.0,22.0,27.0,12.5,5.75
2026-04-11T00:07:05.866000Z,93.7,123.8,12.0,7.0,5.0,22.0,27.0,12.5,5.75
2026-04-11T00:07:06.866000Z,93.7,123.8,12.0,7.0,5.0,22.0,27.0,12.5,5.75
2026-04-11T00:07:07.866000Z,93.7,123.8,12.0,7.0,5.0,22.0,27.0,12.5,5.75
2026-04-11T00:07:08.841000Z,93.7,123.8,12.0,7.0,5.0,22.0,27.0,12.5,5.75
